# Silkroad demux vectors v1; ffprobe -ignore_editlist 1; DTS rebased to first packet
S	samples/boss0.mp4	479	000000106764042aace501e0089f9601e1108b2c0000000468ee3c80
P	samples/boss0.mp4	0	4421	84211	0	0	1	1
P	samples/boss0.mp4	1	88632	32023	1	3	1	0
P	samples/boss0.mp4	2	120655	18103	2	1	1	0
P	samples/boss0.mp4	3	138758	19127	3	2	1	0
P	samples/boss0.mp4	4	157885	30795	4	6	1	0
P	samples/boss0.mp4	5	188680	4985	5	4	1	0
P	samples/boss0.mp4	6	193665	15491	6	5	1	0
P	samples/boss0.mp4	7	209156	37021	7	9	1	0
P	samples/boss0.mp4	8	246177	21758	8	7	1	0
P	samples/boss0.mp4	9	267935	22032	9	8	1	0
P	samples/boss0.mp4	10	289967	34262	10	12	1	0
P	samples/boss0.mp4	11	324229	25973	11	10	1	0
P	samples/boss0.mp4	12	350202	26274	12	11	1	0
P	samples/boss0.mp4	13	376476	31256	13	15	1	0
P	samples/boss0.mp4	14	407732	18814	14	13	1	0
P	samples/boss0.mp4	15	426546	18963	15	14	1	0
P	samples/boss0.mp4	16	445509	35660	16	18	1	0
P	samples/boss0.mp4	17	481169	24396	17	16	1	0
P	samples/boss0.mp4	18	505565	21674	18	17	1	0
P	samples/boss0.mp4	19	527239	32783	19	21	1	0
P	samples/boss0.mp4	20	560022	17033	20	19	1	0
P	samples/boss0.mp4	21	577055	17033	21	20	1	0
P	samples/boss0.mp4	22	594088	44923	22	24	1	0
P	samples/boss0.mp4	23	639011	22082	23	22	1	0
P	samples/boss0.mp4	24	661093	18676	24	23	1	0
P	samples/boss0.mp4	25	679769	36273	25	27	1	0
P	samples/boss0.mp4	26	716042	18205	26	25	1	0
P	samples/boss0.mp4	27	734247	15661	27	26	1	0
P	samples/boss0.mp4	28	749908	34818	28	30	1	0
P	samples/boss0.mp4	29	784726	17782	29	28	1	0
P	samples/boss0.mp4	30	802508	18149	30	29	1	0
P	samples/boss0.mp4	31	820657	38875	31	33	1	0
P	samples/boss0.mp4	32	859532	19248	32	31	1	0
P	samples/boss0.mp4	33	878780	16438	33	32	1	0
P	samples/boss0.mp4	34	895218	19351	34	36	1	0
P	samples/boss0.mp4	35	914569	7473	35	34	1	0
P	samples/boss0.mp4	36	922042	3051	36	35	1	0
P	samples/boss0.mp4	37	925093	42005	37	39	1	0
P	samples/boss0.mp4	38	967098	18787	38	37	1	0
P	samples/boss0.mp4	39	985885	22938	39	38	1	0
P	samples/boss0.mp4	40	1008823	38388	40	42	1	0
P	samples/boss0.mp4	41	1047211	20656	41	40	1	0
P	samples/boss0.mp4	42	1067867	21428	42	41	1	0
P	samples/boss0.mp4	43	1089295	35374	43	45	1	0
P	samples/boss0.mp4	44	1124669	20573	44	43	1	0
P	samples/boss0.mp4	45	1145242	20218	45	44	1	0
P	samples/boss0.mp4	46	1165460	35389	46	48	1	0
P	samples/boss0.mp4	47	1200849	19348	47	46	1	0
P	samples/boss0.mp4	48	1220197	19084	48	47	1	0
P	samples/boss0.mp4	49	1239281	30546	49	51	1	0
P	samples/boss0.mp4	50	1269827	17339	50	49	1	0
P	samples/boss0.mp4	51	1287166	2261	51	50	1	0
P	samples/boss0.mp4	52	1289427	50694	52	54	1	0
P	samples/boss0.mp4	53	1340121	26684	53	52	1	0
P	samples/boss0.mp4	54	1366805	26230	54	53	1	0
P	samples/boss0.mp4	55	1393035	41278	55	57	1	0
P	samples/boss0.mp4	56	1434313	23682	56	55	1	0
P	samples/boss0.mp4	57	1457995	22473	57	56	1	0
P	samples/boss0.mp4	58	1480468	40529	58	60	1	0
P	samples/boss0.mp4	59	1520997	20143	59	58	1	0
P	samples/boss0.mp4	60	1541140	21681	60	59	1	0
P	samples/boss0.mp4	61	1562821	37940	61	63	1	0
P	samples/boss0.mp4	62	1600761	21034	62	61	1	0
P	samples/boss0.mp4	63	1621795	21470	63	62	1	0
P	samples/boss0.mp4	64	1643265	37632	64	66	1	0
P	samples/boss0.mp4	65	1680897	19011	65	64	1	0
P	samples/boss0.mp4	66	1699908	19011	66	65	1	0
P	samples/boss0.mp4	67	1718919	38835	67	69	1	0
P	samples/boss0.mp4	68	1757754	18064	68	67	1	0
P	samples/boss0.mp4	69	1775818	18066	69	68	1	0
P	samples/boss0.mp4	70	1793884	37144	70	72	1	0
P	samples/boss0.mp4	71	1831028	17690	71	70	1	0
P	samples/boss0.mp4	72	1848718	17689	72	71	1	0
P	samples/boss0.mp4	73	1866407	37784	73	75	1	0
P	samples/boss0.mp4	74	1904191	18430	74	73	1	0
P	samples/boss0.mp4	75	1922621	14920	75	74	1	0
P	samples/boss0.mp4	76	1937541	36651	76	78	1	0
P	samples/boss0.mp4	77	1974192	17428	77	76	1	0
P	samples/boss0.mp4	78	1991620	17609	78	77	1	0
P	samples/boss0.mp4	79	2009229	37748	79	81	1	0
P	samples/boss0.mp4	80	2046977	18392	80	79	1	0
P	samples/boss0.mp4	81	2065369	17745	81	80	1	0
P	samples/boss0.mp4	82	2083114	37070	82	84	1	0
P	samples/boss0.mp4	83	2120184	18059	83	82	1	0
P	samples/boss0.mp4	84	2138243	18108	84	83	1	0
P	samples/boss0.mp4	85	2156351	37210	85	87	1	0
P	samples/boss0.mp4	86	2193561	18671	86	85	1	0
P	samples/boss0.mp4	87	2212232	15713	87	86	1	0
P	samples/boss0.mp4	88	2227945	29972	88	90	1	0
P	samples/boss0.mp4	89	2257917	5801	89	88	1	0
P	samples/boss0.mp4	90	2263718	14703	90	89	1	0
P	samples/boss0.mp4	91	2278421	38313	91	93	1	0
P	samples/boss0.mp4	92	2316734	20125	92	91	1	0
P	samples/boss0.mp4	93	2336859	21630	93	92	1	0
P	samples/boss0.mp4	94	2358489	44807	94	96	1	0
P	samples/boss0.mp4	95	2403296	26144	95	94	1	0
P	samples/boss0.mp4	96	2429440	25837	96	95	1	0
P	samples/boss0.mp4	97	2455277	45714	97	99	1	0
P	samples/boss0.mp4	98	2500991	24965	98	97	1	0
P	samples/boss0.mp4	99	2525956	23838	99	98	1	0
P	samples/boss0.mp4	100	2549794	47567	100	102	1	0
P	samples/boss0.mp4	101	2597361	23636	101	100	1	0
P	samples/boss0.mp4	102	2620997	23764	102	101	1	0
P	samples/boss0.mp4	103	2644761	48893	103	105	1	0
P	samples/boss0.mp4	104	2693654	23887	104	103	1	0
P	samples/boss0.mp4	105	2717541	24394	105	104	1	0
P	samples/boss0.mp4	106	2741935	46748	106	108	1	0
P	samples/boss0.mp4	107	2788683	23128	107	106	1	0
P	samples/boss0.mp4	108	2811811	22911	108	107	1	0
P	samples/boss0.mp4	109	2834722	46550	109	111	1	0
P	samples/boss0.mp4	110	2881272	20379	110	109	1	0
P	samples/boss0.mp4	111	2901651	20226	111	110	1	0
P	samples/boss0.mp4	112	2921877	43329	112	114	1	0
P	samples/boss0.mp4	113	2965206	19582	113	112	1	0
P	samples/boss0.mp4	114	2984788	20029	114	113	1	0
P	samples/boss0.mp4	115	3004817	45948	115	117	1	0
P	samples/boss0.mp4	116	3050765	19492	116	115	1	0
P	samples/boss0.mp4	117	3070257	20153	117	116	1	0
P	samples/boss0.mp4	118	3090410	39467	118	120	1	0
P	samples/boss0.mp4	119	3129877	18332	119	118	1	0
P	samples/boss0.mp4	120	3148209	18688	120	119	1	0
P	samples/boss0.mp4	121	3166897	42453	121	123	1	0
P	samples/boss0.mp4	122	3209350	18862	122	121	1	0
P	samples/boss0.mp4	123	3228212	17875	123	122	1	0
P	samples/boss0.mp4	124	3246087	31944	124	126	1	0
P	samples/boss0.mp4	125	3278031	15574	125	124	1	0
P	samples/boss0.mp4	126	3293605	15927	126	125	1	0
P	samples/boss0.mp4	127	3309532	38107	127	129	1	0
P	samples/boss0.mp4	128	3347639	16857	128	127	1	0
P	samples/boss0.mp4	129	3364496	13399	129	128	1	0
P	samples/boss0.mp4	130	3377895	36269	130	132	1	0
P	samples/boss0.mp4	131	3414164	16313	131	130	1	0
P	samples/boss0.mp4	132	3430477	13174	132	131	1	0
P	samples/boss0.mp4	133	3443651	37779	133	135	1	0
P	samples/boss0.mp4	134	3481430	17399	134	133	1	0
P	samples/boss0.mp4	135	3498829	13680	135	134	1	0
P	samples/boss0.mp4	136	3512509	35819	136	138	1	0
P	samples/boss0.mp4	137	3548328	14227	137	136	1	0
P	samples/boss0.mp4	138	3562555	17207	138	137	1	0
P	samples/boss0.mp4	139	3579762	36148	139	141	1	0
P	samples/boss0.mp4	140	3615910	15585	140	139	1	0
P	samples/boss0.mp4	141	3631495	16595	141	140	1	0
P	samples/boss0.mp4	142	3648090	35482	142	144	1	0
P	samples/boss0.mp4	143	3683572	14273	143	142	1	0
P	samples/boss0.mp4	144	3697845	16004	144	143	1	0
P	samples/boss0.mp4	145	3713849	30922	145	147	1	0
P	samples/boss0.mp4	146	3744771	12270	146	145	1	0
P	samples/boss0.mp4	147	3757041	15650	147	146	1	0
P	samples/boss0.mp4	148	3772691	29040	148	150	1	0
P	samples/boss0.mp4	149	3801731	12434	149	148	1	0
P	samples/boss0.mp4	150	3814165	15646	150	149	1	0
P	samples/boss0.mp4	151	3829811	26474	151	153	1	0
P	samples/boss0.mp4	152	3856285	12668	152	151	1	0
P	samples/boss0.mp4	153	3868953	9866	153	152	1	0
P	samples/boss0.mp4	154	3878819	24803	154	156	1	0
P	samples/boss0.mp4	155	3903622	8533	155	154	1	0
P	samples/boss0.mp4	156	3912155	9053	156	155	1	0
P	samples/boss0.mp4	157	3921208	30193	157	159	1	0
P	samples/boss0.mp4	158	3951401	10949	158	157	1	0
P	samples/boss0.mp4	159	3962350	15980	159	158	1	0
P	samples/boss0.mp4	160	3978330	42590	160	162	1	0
P	samples/boss0.mp4	161	4020920	22489	161	160	1	0
P	samples/boss0.mp4	162	4043409	18472	162	161	1	0
P	samples/boss0.mp4	163	4061881	39689	163	165	1	0
P	samples/boss0.mp4	164	4101570	17176	164	163	1	0
P	samples/boss0.mp4	165	4118746	17977	165	164	1	0
P	samples/boss0.mp4	166	4136723	29831	166	168	1	0
P	samples/boss0.mp4	167	4166554	2672	167	166	1	0
P	samples/boss0.mp4	168	4169226	15220	168	167	1	0
P	samples/boss0.mp4	169	4184446	34868	169	171	1	0
P	samples/boss0.mp4	170	4219314	12836	170	169	1	0
P	samples/boss0.mp4	171	4232150	9071	171	170	1	0
P	samples/boss0.mp4	172	4241221	21369	172	174	1	0
P	samples/boss0.mp4	173	4262590	7220	173	172	1	0
P	samples/boss0.mp4	174	4269810	6789	174	173	1	0
P	samples/boss0.mp4	175	4276599	22396	175	177	1	0
P	samples/boss0.mp4	176	4298995	5052	176	175	1	0
P	samples/boss0.mp4	177	4304047	8641	177	176	1	0
P	samples/boss0.mp4	178	4312688	16285	178	180	1	0
P	samples/boss0.mp4	179	4328973	4231	179	178	1	0
P	samples/boss0.mp4	180	4333204	4216	180	179	1	0
P	samples/boss0.mp4	181	4337420	20392	181	183	1	0
P	samples/boss0.mp4	182	4357812	6749	182	181	1	0
P	samples/boss0.mp4	183	4364561	9822	183	182	1	0
P	samples/boss0.mp4	184	4374383	24030	184	186	1	0
P	samples/boss0.mp4	185	4398413	9319	185	184	1	0
P	samples/boss0.mp4	186	4407732	12190	186	185	1	0
P	samples/boss0.mp4	187	4419922	29137	187	189	1	0
P	samples/boss0.mp4	188	4449059	12229	188	187	1	0
P	samples/boss0.mp4	189	4461288	14855	189	188	1	0
P	samples/boss0.mp4	190	4476143	30024	190	192	1	0
P	samples/boss0.mp4	191	4506167	14068	191	190	1	0
P	samples/boss0.mp4	192	4520235	12239	192	191	1	0
P	samples/boss0.mp4	193	4532474	32165	193	195	1	0
P	samples/boss0.mp4	194	4564639	13376	194	193	1	0
P	samples/boss0.mp4	195	4578015	16651	195	194	1	0
P	samples/boss0.mp4	196	4594666	31605	196	198	1	0
P	samples/boss0.mp4	197	4626271	11917	197	196	1	0
P	samples/boss0.mp4	198	4638188	3957	198	197	1	0
P	samples/boss0.mp4	199	4642145	33142	199	201	1	0
P	samples/boss0.mp4	200	4675287	12909	200	199	1	0
P	samples/boss0.mp4	201	4688196	17287	201	200	1	0
P	samples/boss0.mp4	202	4705483	36562	202	204	1	0
P	samples/boss0.mp4	203	4742045	16130	203	202	1	0
P	samples/boss0.mp4	204	4758175	18815	204	203	1	0
P	samples/boss0.mp4	205	4776990	37142	205	207	1	0
P	samples/boss0.mp4	206	4814132	18061	206	205	1	0
P	samples/boss0.mp4	207	4832193	17894	207	206	1	0
P	samples/boss0.mp4	208	4850087	36268	208	210	1	0
P	samples/boss0.mp4	209	4886355	15585	209	208	1	0
P	samples/boss0.mp4	210	4901940	18910	210	209	1	0
P	samples/boss0.mp4	211	4920850	36990	211	213	1	0
P	samples/boss0.mp4	212	4957840	17911	212	211	1	0
P	samples/boss0.mp4	213	4975751	17172	213	212	1	0
P	samples/boss0.mp4	214	4992923	35598	214	216	1	0
P	samples/boss0.mp4	215	5028521	17077	215	214	1	0
P	samples/boss0.mp4	216	5045598	18923	216	215	1	0
P	samples/boss0.mp4	217	5064521	36708	217	219	1	0
P	samples/boss0.mp4	218	5101229	17577	218	217	1	0
P	samples/boss0.mp4	219	5118806	13061	219	218	1	0
P	samples/boss0.mp4	220	5131867	36749	220	222	1	0
P	samples/boss0.mp4	221	5168616	15776	221	220	1	0
P	samples/boss0.mp4	222	5184392	17208	222	221	1	0
P	samples/boss0.mp4	223	5201600	30257	223	225	1	0
P	samples/boss0.mp4	224	5231857	5388	224	223	1	0
P	samples/boss0.mp4	225	5237245	15831	225	224	1	0
P	samples/boss0.mp4	226	5253076	36227	226	228	1	0
P	samples/boss0.mp4	227	5289303	18342	227	226	1	0
P	samples/boss0.mp4	228	5307645	19643	228	227	1	0
P	samples/boss0.mp4	229	5327288	36613	229	231	1	0
P	samples/boss0.mp4	230	5363901	18213	230	229	1	0
P	samples/boss0.mp4	231	5382114	18515	231	230	1	0
P	samples/boss0.mp4	232	5400629	38021	232	234	1	0
P	samples/boss0.mp4	233	5438650	17615	233	232	1	0
P	samples/boss0.mp4	234	5456265	18579	234	233	1	0
P	samples/boss0.mp4	235	5474844	41243	235	237	1	0
P	samples/boss0.mp4	236	5516087	17828	236	235	1	0
P	samples/boss0.mp4	237	5533915	18785	237	236	1	0
P	samples/boss0.mp4	238	5552700	33078	238	240	1	0
P	samples/boss0.mp4	239	5585778	16311	239	238	1	0
P	samples/boss0.mp4	240	5602089	17073	240	239	1	0
P	samples/boss0.mp4	241	5619162	34270	241	243	1	0
P	samples/boss0.mp4	242	5653432	15527	242	241	1	0
P	samples/boss0.mp4	243	5668959	17313	243	242	1	0
P	samples/boss0.mp4	244	5686272	32322	244	246	1	0
P	samples/boss0.mp4	245	5718594	15490	245	244	1	0
P	samples/boss0.mp4	246	5734084	16701	246	245	1	0
P	samples/boss0.mp4	247	5750785	33355	247	249	1	0
P	samples/boss0.mp4	248	5784140	13684	248	247	1	0
P	samples/boss0.mp4	249	5797824	11918	249	248	1	0
P	samples/boss0.mp4	250	5912385	85535	250	250	1	1
P	samples/boss0.mp4	251	5997920	30336	251	253	1	0
P	samples/boss0.mp4	252	6028256	13571	252	251	1	0
P	samples/boss0.mp4	253	6041827	16450	253	252	1	0
P	samples/boss0.mp4	254	6058277	33187	254	256	1	0
P	samples/boss0.mp4	255	6091464	17954	255	254	1	0
P	samples/boss0.mp4	256	6109418	16369	256	255	1	0
P	samples/boss0.mp4	257	6125787	32999	257	259	1	0
P	samples/boss0.mp4	258	6158786	17173	258	257	1	0
P	samples/boss0.mp4	259	6175959	20380	259	258	1	0
P	samples/boss0.mp4	260	6196339	33695	260	262	1	0
P	samples/boss0.mp4	261	6230034	20966	261	260	1	0
P	samples/boss0.mp4	262	6251000	17702	262	261	1	0
P	samples/boss0.mp4	263	6268702	38428	263	265	1	0
P	samples/boss0.mp4	264	6307130	22290	264	263	1	0
P	samples/boss0.mp4	265	6329420	25204	265	264	1	0
P	samples/boss0.mp4	266	6354624	35894	266	268	1	0
P	samples/boss0.mp4	267	6390518	23400	267	266	1	0
P	samples/boss0.mp4	268	6413918	21491	268	267	1	0
P	samples/boss0.mp4	269	6435409	46925	269	271	1	0
P	samples/boss0.mp4	270	6482334	31126	270	269	1	0
P	samples/boss0.mp4	271	6513460	28208	271	270	1	0
P	samples/boss0.mp4	272	6541668	43209	272	274	1	0
P	samples/boss0.mp4	273	6584877	23703	273	272	1	0
P	samples/boss0.mp4	274	6608580	22741	274	273	1	0
P	samples/boss0.mp4	275	6631321	45493	275	277	1	0
P	samples/boss0.mp4	276	6676814	20768	276	275	1	0
P	samples/boss0.mp4	277	6697582	20327	277	276	1	0
P	samples/boss0.mp4	278	6717909	33925	278	280	1	0
P	samples/boss0.mp4	279	6751834	16779	279	278	1	0
P	samples/boss0.mp4	280	6768613	16584	280	279	1	0
P	samples/boss0.mp4	281	6785197	31089	281	283	1	0
P	samples/boss0.mp4	282	6816286	16516	282	281	1	0
P	samples/boss0.mp4	283	6832802	13726	283	282	1	0
P	samples/boss0.mp4	284	6846528	35251	284	286	1	0
P	samples/boss0.mp4	285	6881779	16246	285	284	1	0
P	samples/boss0.mp4	286	6898025	18752	286	285	1	0
P	samples/boss0.mp4	287	6916777	33348	287	289	1	0
P	samples/boss0.mp4	288	6950125	18331	288	287	1	0
P	samples/boss0.mp4	289	6968456	15019	289	288	1	0
P	samples/boss0.mp4	290	6983475	35565	290	292	1	0
P	samples/boss0.mp4	291	7019040	17447	291	290	1	0
P	samples/boss0.mp4	292	7036487	19895	292	291	1	0
P	samples/boss0.mp4	293	7056382	34509	293	295	1	0
P	samples/boss0.mp4	294	7090891	18979	294	293	1	0
P	samples/boss0.mp4	295	7109870	14840	295	294	1	0
P	samples/boss0.mp4	296	7124710	36969	296	298	1	0
P	samples/boss0.mp4	297	7161679	18066	297	296	1	0
P	samples/boss0.mp4	298	7179745	20189	298	297	1	0
P	samples/boss0.mp4	299	7199934	36141	299	301	1	0
P	samples/boss0.mp4	300	7236075	19445	300	299	1	0
P	samples/boss0.mp4	301	7255520	19414	301	300	1	0
P	samples/boss0.mp4	302	7274934	34786	302	304	1	0
P	samples/boss0.mp4	303	7309720	18343	303	302	1	0
P	samples/boss0.mp4	304	7328063	15223	304	303	1	0
P	samples/boss0.mp4	305	7343286	34064	305	307	1	0
P	samples/boss0.mp4	306	7377350	17330	306	305	1	0
P	samples/boss0.mp4	307	7394680	13803	307	306	1	0
P	samples/boss0.mp4	308	7408483	33016	308	310	1	0
P	samples/boss0.mp4	309	7441499	16757	309	308	1	0
P	samples/boss0.mp4	310	7458256	15493	310	309	1	0
P	samples/boss0.mp4	311	7473749	34616	311	313	1	0
P	samples/boss0.mp4	312	7508365	17442	312	311	1	0
P	samples/boss0.mp4	313	7525807	15299	313	312	1	0
P	samples/boss0.mp4	314	7541106	28015	314	316	1	0
P	samples/boss0.mp4	315	7569121	10442	315	314	1	0
P	samples/boss0.mp4	316	7579563	3742	316	315	1	0
P	samples/boss0.mp4	317	7583305	35482	317	319	1	0
P	samples/boss0.mp4	318	7618787	16254	318	317	1	0
P	samples/boss0.mp4	319	7635041	18147	319	318	1	0
P	samples/boss0.mp4	320	7653188	34746	320	322	1	0
P	samples/boss0.mp4	321	7687934	19435	321	320	1	0
P	samples/boss0.mp4	322	7707369	15728	322	321	1	0
P	samples/boss0.mp4	323	7723097	36949	323	325	1	0
P	samples/boss0.mp4	324	7760046	18559	324	323	1	0
P	samples/boss0.mp4	325	7778605	16670	325	324	1	0
P	samples/boss0.mp4	326	7795275	39863	326	328	1	0
P	samples/boss0.mp4	327	7835138	19248	327	326	1	0
P	samples/boss0.mp4	328	7854386	21394	328	327	1	0
P	samples/boss0.mp4	329	7875780	36782	329	331	1	0
P	samples/boss0.mp4	330	7912562	19197	330	329	1	0
P	samples/boss0.mp4	331	7931759	15110	331	330	1	0
P	samples/boss0.mp4	332	7946869	39492	332	334	1	0
P	samples/boss0.mp4	333	7986361	17598	333	332	1	0
P	samples/boss0.mp4	334	8003959	20616	334	333	1	0
P	samples/boss0.mp4	335	8024575	36558	335	337	1	0
P	samples/boss0.mp4	336	8061133	20055	336	335	1	0
P	samples/boss0.mp4	337	8081188	17329	337	336	1	0
P	samples/boss0.mp4	338	8098517	40212	338	340	1	0
P	samples/boss0.mp4	339	8138729	21131	339	338	1	0
P	samples/boss0.mp4	340	8159860	23500	340	339	1	0
P	samples/boss0.mp4	341	8183360	38651	341	343	1	0
P	samples/boss0.mp4	342	8222011	23218	342	341	1	0
P	samples/boss0.mp4	343	8245229	18903	343	342	1	0
P	samples/boss0.mp4	344	8264132	41627	344	346	1	0
P	samples/boss0.mp4	345	8305759	21664	345	344	1	0
P	samples/boss0.mp4	346	8327423	22154	346	345	1	0
P	samples/boss0.mp4	347	8349577	39174	347	349	1	0
P	samples/boss0.mp4	348	8388751	21727	348	347	1	0
P	samples/boss0.mp4	349	8410478	21083	349	348	1	0
P	samples/boss0.mp4	350	8431561	36016	350	352	1	0
P	samples/boss0.mp4	351	8467577	20072	351	350	1	0
P	samples/boss0.mp4	352	8487649	19525	352	351	1	0
P	samples/boss0.mp4	353	8507174	37832	353	355	1	0
P	samples/boss0.mp4	354	8545006	19343	354	353	1	0
P	samples/boss0.mp4	355	8564349	19814	355	354	1	0
P	samples/boss0.mp4	356	8584163	38009	356	358	1	0
P	samples/boss0.mp4	357	8622172	19898	357	356	1	0
P	samples/boss0.mp4	358	8642070	17445	358	357	1	0
P	samples/boss0.mp4	359	8659515	37319	359	361	1	0
P	samples/boss0.mp4	360	8696834	19457	360	359	1	0
P	samples/boss0.mp4	361	8716291	18119	361	360	1	0
P	samples/boss0.mp4	362	8734410	42161	362	364	1	0
P	samples/boss0.mp4	363	8776571	21411	363	362	1	0
P	samples/boss0.mp4	364	8797982	23098	364	363	1	0
P	samples/boss0.mp4	365	8821080	32135	365	367	1	0
P	samples/boss0.mp4	366	8853215	18691	366	365	1	0
P	samples/boss0.mp4	367	8871906	18690	367	366	1	0
P	samples/boss0.mp4	368	8890596	40804	368	370	1	0
P	samples/boss0.mp4	369	8931400	21436	369	368	1	0
P	samples/boss0.mp4	370	8952836	22797	370	369	1	0
P	samples/boss0.mp4	371	8975633	39916	371	373	1	0
P	samples/boss0.mp4	372	9015549	21710	372	371	1	0
P	samples/boss0.mp4	373	9037259	19141	373	372	1	0
P	samples/boss0.mp4	374	9056400	39567	374	376	1	0
P	samples/boss0.mp4	375	9095967	21340	375	374	1	0
P	samples/boss0.mp4	376	9117307	23438	376	375	1	0
P	samples/boss0.mp4	377	9140745	37791	377	379	1	0
P	samples/boss0.mp4	378	9178536	22455	378	377	1	0
P	samples/boss0.mp4	379	9200991	18915	379	378	1	0
P	samples/boss0.mp4	380	9219906	36327	380	382	1	0
P	samples/boss0.mp4	381	9256233	18864	381	380	1	0
P	samples/boss0.mp4	382	9275097	20544	382	381	1	0
P	samples/boss0.mp4	383	9295641	37115	383	385	1	0
P	samples/boss0.mp4	384	9332756	21417	384	383	1	0
P	samples/boss0.mp4	385	9354173	21897	385	384	1	0
P	samples/boss0.mp4	386	9376070	41338	386	388	1	0
P	samples/boss0.mp4	387	9417408	23308	387	386	1	0
P	samples/boss0.mp4	388	9440716	24827	388	387	1	0
P	samples/boss0.mp4	389	9465543	41892	389	391	1	0
P	samples/boss0.mp4	390	9507435	24639	390	389	1	0
P	samples/boss0.mp4	391	9532074	25227	391	390	1	0
P	samples/boss0.mp4	392	9557301	42315	392	394	1	0
P	samples/boss0.mp4	393	9599616	23655	393	392	1	0
P	samples/boss0.mp4	394	9623271	20032	394	393	1	0
P	samples/boss0.mp4	395	9643303	38329	395	397	1	0
P	samples/boss0.mp4	396	9681632	19308	396	395	1	0
P	samples/boss0.mp4	397	9700940	16264	397	396	1	0
P	samples/boss0.mp4	398	9717204	37699	398	400	1	0
P	samples/boss0.mp4	399	9754903	17800	399	398	1	0
P	samples/boss0.mp4	400	9772703	17800	400	399	1	0
P	samples/boss0.mp4	401	9790503	37390	401	403	1	0
P	samples/boss0.mp4	402	9827893	17918	402	401	1	0
P	samples/boss0.mp4	403	9845811	15441	403	402	1	0
P	samples/boss0.mp4	404	9861252	37271	404	406	1	0
P	samples/boss0.mp4	405	9898523	18072	405	404	1	0
P	samples/boss0.mp4	406	9916595	16163	406	405	1	0
P	samples/boss0.mp4	407	9932758	39771	407	409	1	0
P	samples/boss0.mp4	408	9972529	19494	408	407	1	0
P	samples/boss0.mp4	409	9992023	17461	409	408	1	0
P	samples/boss0.mp4	410	10009484	41484	410	412	1	0
P	samples/boss0.mp4	411	10050968	17822	411	410	1	0
P	samples/boss0.mp4	412	10068790	20981	412	411	1	0
P	samples/boss0.mp4	413	10089771	38445	413	415	1	0
P	samples/boss0.mp4	414	10128216	19722	414	413	1	0
P	samples/boss0.mp4	415	10147938	18856	415	414	1	0
P	samples/boss0.mp4	416	10166794	44436	416	418	1	0
P	samples/boss0.mp4	417	10211230	19287	417	416	1	0
P	samples/boss0.mp4	418	10230517	16433	418	417	1	0
P	samples/boss0.mp4	419	10246950	41457	419	421	1	0
P	samples/boss0.mp4	420	10288407	17007	420	419	1	0
P	samples/boss0.mp4	421	10305414	15945	421	420	1	0
P	samples/boss0.mp4	422	10321359	46852	422	424	1	0
P	samples/boss0.mp4	423	10368211	16389	423	422	1	0
P	samples/boss0.mp4	424	10384600	20604	424	423	1	0
P	samples/boss0.mp4	425	10405204	39360	425	427	1	0
P	samples/boss0.mp4	426	10444564	18591	426	425	1	0
P	samples/boss0.mp4	427	10463155	18591	427	426	1	0
P	samples/boss0.mp4	428	10481746	26393	428	430	1	0
P	samples/boss0.mp4	429	10508139	5225	429	428	1	0
P	samples/boss0.mp4	430	10513364	2782	430	429	1	0
P	samples/boss0.mp4	431	10516146	39342	431	433	1	0
P	samples/boss0.mp4	432	10555488	22622	432	431	1	0
P	samples/boss0.mp4	433	10578110	22622	433	432	1	0
P	samples/boss0.mp4	434	10600732	32284	434	436	1	0
P	samples/boss0.mp4	435	10633016	1566	435	434	1	0
P	samples/boss0.mp4	436	10634582	13475	436	435	1	0
P	samples/boss0.mp4	437	10648057	43290	437	439	1	0
P	samples/boss0.mp4	438	10691347	25923	438	437	1	0
P	samples/boss0.mp4	439	10717270	26590	439	438	1	0
P	samples/boss0.mp4	440	10743860	36340	440	442	1	0
P	samples/boss0.mp4	441	10780200	21741	441	440	1	0
P	samples/boss0.mp4	442	10801941	21741	442	441	1	0
P	samples/boss0.mp4	443	10823682	42277	443	445	1	0
P	samples/boss0.mp4	444	10865959	24550	444	443	1	0
P	samples/boss0.mp4	445	10890509	1437	445	444	1	0
P	samples/boss0.mp4	446	10891946	36424	446	448	1	0
P	samples/boss0.mp4	447	10928370	22440	447	446	1	0
P	samples/boss0.mp4	448	10950810	22440	448	447	1	0
P	samples/boss0.mp4	449	10973250	37837	449	451	1	0
P	samples/boss0.mp4	450	11011087	21440	450	449	1	0
P	samples/boss0.mp4	451	11032527	23165	451	450	1	0
P	samples/boss0.mp4	452	11055692	37606	452	454	1	0
P	samples/boss0.mp4	453	11093298	20335	453	452	1	0
P	samples/boss0.mp4	454	11113633	20335	454	453	1	0
P	samples/boss0.mp4	455	11133968	35949	455	457	1	0
P	samples/boss0.mp4	456	11169917	20220	456	455	1	0
P	samples/boss0.mp4	457	11190137	22028	457	456	1	0
P	samples/boss0.mp4	458	11212165	34702	458	460	1	0
P	samples/boss0.mp4	459	11246867	20052	459	458	1	0
P	samples/boss0.mp4	460	11266919	16996	460	459	1	0
P	samples/boss0.mp4	461	11283915	41281	461	463	1	0
P	samples/boss0.mp4	462	11325196	19852	462	461	1	0
P	samples/boss0.mp4	463	11345048	23983	463	462	1	0
P	samples/boss0.mp4	464	11369031	42833	464	466	1	0
P	samples/boss0.mp4	465	11411864	24431	465	464	1	0
P	samples/boss0.mp4	466	11436295	20985	466	465	1	0
P	samples/boss0.mp4	467	11457280	45442	467	469	1	0
P	samples/boss0.mp4	468	11502722	23505	468	467	1	0
P	samples/boss0.mp4	469	11526227	26028	469	468	1	0
P	samples/boss0.mp4	470	11552255	42479	470	472	1	0
P	samples/boss0.mp4	471	11594734	23871	471	470	1	0
P	samples/boss0.mp4	472	11618605	21105	472	471	1	0
P	samples/boss0.mp4	473	11639710	42542	473	475	1	0
P	samples/boss0.mp4	474	11682252	22567	474	473	1	0
P	samples/boss0.mp4	475	11704819	24672	475	474	1	0
P	samples/boss0.mp4	476	11729491	35355	476	478	1	0
P	samples/boss0.mp4	477	11764846	15293	477	476	1	0
P	samples/boss0.mp4	478	11780139	3409	478	477	1	0
S	samples/boss1.mp4	357	000000106764042aace501e0089f9601e1108b2c0000000468ee3c80
P	samples/boss1.mp4	0	4421	79253	0	0	1	1
P	samples/boss1.mp4	1	83674	24558	1	3	1	0
P	samples/boss1.mp4	2	108232	2401	2	1	1	0
P	samples/boss1.mp4	3	110633	9186	3	2	1	0
P	samples/boss1.mp4	4	119819	29978	4	6	1	0
P	samples/boss1.mp4	5	149797	13785	5	4	1	0
P	samples/boss1.mp4	6	163582	16813	6	5	1	0
P	samples/boss1.mp4	7	180395	30824	7	9	1	0
P	samples/boss1.mp4	8	211219	17384	8	7	1	0
P	samples/boss1.mp4	9	228603	18378	9	8	1	0
P	samples/boss1.mp4	10	246981	27363	10	12	1	0
P	samples/boss1.mp4	11	274344	16210	11	10	1	0
P	samples/boss1.mp4	12	290554	3310	12	11	1	0
P	samples/boss1.mp4	13	293864	31490	13	15	1	0
P	samples/boss1.mp4	14	325354	19517	14	13	1	0
P	samples/boss1.mp4	15	344871	19167	15	14	1	0
P	samples/boss1.mp4	16	364038	30223	16	18	1	0
P	samples/boss1.mp4	17	394261	17876	17	16	1	0
P	samples/boss1.mp4	18	412137	18301	18	17	1	0
P	samples/boss1.mp4	19	430438	29187	19	21	1	0
P	samples/boss1.mp4	20	459625	17125	20	19	1	0
P	samples/boss1.mp4	21	476750	14756	21	20	1	0
P	samples/boss1.mp4	22	491506	30142	22	24	1	0
P	samples/boss1.mp4	23	521648	15978	23	22	1	0
P	samples/boss1.mp4	24	537626	18374	24	23	1	0
P	samples/boss1.mp4	25	556000	28932	25	27	1	0
P	samples/boss1.mp4	26	584932	17202	26	25	1	0
P	samples/boss1.mp4	27	602134	16618	27	26	1	0
P	samples/boss1.mp4	28	618752	23940	28	30	1	0
P	samples/boss1.mp4	29	642692	13762	29	28	1	0
P	samples/boss1.mp4	30	656454	2518	30	29	1	0
P	samples/boss1.mp4	31	658972	30416	31	33	1	0
P	samples/boss1.mp4	32	689388	20287	32	31	1	0
P	samples/boss1.mp4	33	709675	17819	33	32	1	0
P	samples/boss1.mp4	34	727494	26509	34	36	1	0
P	samples/boss1.mp4	35	754003	15210	35	34	1	0
P	samples/boss1.mp4	36	769213	15021	36	35	1	0
P	samples/boss1.mp4	37	784234	28086	37	39	1	0
P	samples/boss1.mp4	38	812320	16441	38	37	1	0
P	samples/boss1.mp4	39	828761	15091	39	38	1	0
P	samples/boss1.mp4	40	843852	22695	40	42	1	0
P	samples/boss1.mp4	41	866547	3135	41	40	1	0
P	samples/boss1.mp4	42	869682	12330	42	41	1	0
P	samples/boss1.mp4	43	882012	26702	43	45	1	0
P	samples/boss1.mp4	44	908714	1624	44	43	1	0
P	samples/boss1.mp4	45	910338	15929	45	44	1	0
P	samples/boss1.mp4	46	926267	27431	46	48	1	0
P	samples/boss1.mp4	47	953698	15547	47	46	1	0
P	samples/boss1.mp4	48	969245	13491	48	47	1	0
P	samples/boss1.mp4	49	982736	39564	49	51	1	0
P	samples/boss1.mp4	50	1022300	15191	50	49	1	0
P	samples/boss1.mp4	51	1037491	17497	51	50	1	0
P	samples/boss1.mp4	52	1054988	19642	52	54	1	0
P	samples/boss1.mp4	53	1074630	9084	53	52	1	0
P	samples/boss1.mp4	54	1083714	10614	54	53	1	0
P	samples/boss1.mp4	55	1094328	21345	55	57	1	0
P	samples/boss1.mp4	56	1115673	10223	56	55	1	0
P	samples/boss1.mp4	57	1125896	12272	57	56	1	0
P	samples/boss1.mp4	58	1138168	19399	58	60	1	0
P	samples/boss1.mp4	59	1157567	10107	59	58	1	0
P	samples/boss1.mp4	60	1167674	7560	60	59	1	0
P	samples/boss1.mp4	61	1175234	20068	61	63	1	0
P	samples/boss1.mp4	62	1195302	9150	62	61	1	0
P	samples/boss1.mp4	63	1204452	10212	63	62	1	0
P	samples/boss1.mp4	64	1214664	19739	64	66	1	0
P	samples/boss1.mp4	65	1234403	8838	65	64	1	0
P	samples/boss1.mp4	66	1243241	9935	66	65	1	0
P	samples/boss1.mp4	67	1253176	22079	67	69	1	0
P	samples/boss1.mp4	68	1275255	9939	68	67	1	0
P	samples/boss1.mp4	69	1285194	10922	69	68	1	0
P	samples/boss1.mp4	70	1296116	20184	70	72	1	0
P	samples/boss1.mp4	71	1316300	3750	71	70	1	0
P	samples/boss1.mp4	72	1320050	9803	72	71	1	0
P	samples/boss1.mp4	73	1329853	20894	73	75	1	0
P	samples/boss1.mp4	74	1350747	10839	74	73	1	0
P	samples/boss1.mp4	75	1361586	7806	75	74	1	0
P	samples/boss1.mp4	76	1369392	21028	76	78	1	0
P	samples/boss1.mp4	77	1390420	10311	77	76	1	0
P	samples/boss1.mp4	78	1400731	8427	78	77	1	0
P	samples/boss1.mp4	79	1409158	21905	79	81	1	0
P	samples/boss1.mp4	80	1431063	9573	80	79	1	0
P	samples/boss1.mp4	81	1440636	11667	81	80	1	0
P	samples/boss1.mp4	82	1452303	20154	82	84	1	0
P	samples/boss1.mp4	83	1472457	8693	83	82	1	0
P	samples/boss1.mp4	84	1481150	8632	84	83	1	0
P	samples/boss1.mp4	85	1489782	23356	85	87	1	0
P	samples/boss1.mp4	86	1513138	11657	86	85	1	0
P	samples/boss1.mp4	87	1524795	13554	87	86	1	0
P	samples/boss1.mp4	88	1538349	23772	88	90	1	0
P	samples/boss1.mp4	89	1562121	13429	89	88	1	0
P	samples/boss1.mp4	90	1575550	10009	90	89	1	0
P	samples/boss1.mp4	91	1585559	20266	91	93	1	0
P	samples/boss1.mp4	92	1605825	2776	92	91	1	0
P	samples/boss1.mp4	93	1608601	8236	93	92	1	0
P	samples/boss1.mp4	94	1616837	24757	94	96	1	0
P	samples/boss1.mp4	95	1641594	12400	95	94	1	0
P	samples/boss1.mp4	96	1653994	14210	96	95	1	0
P	samples/boss1.mp4	97	1668204	26618	97	99	1	0
P	samples/boss1.mp4	98	1694822	14412	98	97	1	0
P	samples/boss1.mp4	99	1709234	13905	99	98	1	0
P	samples/boss1.mp4	100	1723139	24345	100	102	1	0
P	samples/boss1.mp4	101	1747484	13945	101	100	1	0
P	samples/boss1.mp4	102	1761429	10815	102	101	1	0
P	samples/boss1.mp4	103	1772244	27849	103	105	1	0
P	samples/boss1.mp4	104	1800093	2085	104	103	1	0
P	samples/boss1.mp4	105	1802178	17016	105	104	1	0
P	samples/boss1.mp4	106	1819194	27608	106	108	1	0
P	samples/boss1.mp4	107	1846802	16584	107	106	1	0
P	samples/boss1.mp4	108	1863386	2046	108	107	1	0
P	samples/boss1.mp4	109	1865432	33384	109	111	1	0
P	samples/boss1.mp4	110	1898816	20476	110	109	1	0
P	samples/boss1.mp4	111	1919292	18977	111	110	1	0
P	samples/boss1.mp4	112	1938269	43418	112	114	1	0
P	samples/boss1.mp4	113	1981687	24918	113	112	1	0
P	samples/boss1.mp4	114	2006605	27504	114	113	1	0
P	samples/boss1.mp4	115	2034109	41335	115	117	1	0
P	samples/boss1.mp4	116	2075444	26638	116	115	1	0
P	samples/boss1.mp4	117	2102082	28399	117	116	1	0
P	samples/boss1.mp4	118	2130481	45359	118	120	1	0
P	samples/boss1.mp4	119	2175840	29299	119	118	1	0
P	samples/boss1.mp4	120	2205139	32295	120	119	1	0
P	samples/boss1.mp4	121	2237434	47702	121	123	1	0
P	samples/boss1.mp4	122	2285136	34132	122	121	1	0
P	samples/boss1.mp4	123	2319268	32497	123	122	1	0
P	samples/boss1.mp4	124	2351765	49518	124	126	1	0
P	samples/boss1.mp4	125	2401283	34599	125	124	1	0
P	samples/boss1.mp4	126	2435882	37092	126	125	1	0
P	samples/boss1.mp4	127	2472974	47475	127	129	1	0
P	samples/boss1.mp4	128	2520449	38415	128	127	1	0
P	samples/boss1.mp4	129	2558864	37958	129	128	1	0
P	samples/boss1.mp4	130	2596822	51099	130	132	1	0
P	samples/boss1.mp4	131	2647921	39838	131	130	1	0
P	samples/boss1.mp4	132	2687759	39982	132	131	1	0
P	samples/boss1.mp4	133	2727741	49669	133	135	1	0
P	samples/boss1.mp4	134	2777410	40196	134	133	1	0
P	samples/boss1.mp4	135	2817606	40266	135	134	1	0
P	samples/boss1.mp4	136	2857872	55555	136	138	1	0
P	samples/boss1.mp4	137	2913427	40155	137	136	1	0
P	samples/boss1.mp4	138	2953582	2340	138	137	1	0
P	samples/boss1.mp4	139	2955922	58712	139	141	1	0
P	samples/boss1.mp4	140	3014634	1197	140	139	1	0
P	samples/boss1.mp4	141	3015831	49763	141	140	1	0
P	samples/boss1.mp4	142	3065594	67862	142	144	1	0
P	samples/boss1.mp4	143	3133456	54937	143	142	1	0
P	samples/boss1.mp4	144	3188393	58048	144	143	1	0
P	samples/boss1.mp4	145	3246441	64800	145	147	1	0
P	samples/boss1.mp4	146	3311241	62431	146	145	1	0
P	samples/boss1.mp4	147	3373672	65717	147	146	1	0
P	samples/boss1.mp4	148	3439389	64092	148	150	1	0
P	samples/boss1.mp4	149	3503481	1574	149	148	1	0
P	samples/boss1.mp4	150	3505055	63844	150	149	1	0
P	samples/boss1.mp4	151	3568899	47586	151	153	1	0
P	samples/boss1.mp4	152	3616485	65022	152	151	1	0
P	samples/boss1.mp4	153	3681507	48852	153	152	1	0
P	samples/boss1.mp4	154	3730359	53113	154	156	1	0
P	samples/boss1.mp4	155	3783472	49868	155	154	1	0
P	samples/boss1.mp4	156	3833340	45721	156	155	1	0
P	samples/boss1.mp4	157	3879061	54348	157	159	1	0
P	samples/boss1.mp4	158	3933409	62687	158	157	1	0
P	samples/boss1.mp4	159	3996096	54747	159	158	1	0
P	samples/boss1.mp4	160	4050843	58057	160	162	1	0
P	samples/boss1.mp4	161	4108900	59064	161	160	1	0
P	samples/boss1.mp4	162	4167964	1638	162	161	1	0
P	samples/boss1.mp4	163	4169602	63585	163	165	1	0
P	samples/boss1.mp4	164	4233187	64823	164	163	1	0
P	samples/boss1.mp4	165	4298010	1603	165	164	1	0
P	samples/boss1.mp4	166	4299613	67815	166	168	1	0
P	samples/boss1.mp4	167	4367428	69344	167	166	1	0
P	samples/boss1.mp4	168	4436772	64680	168	167	1	0
P	samples/boss1.mp4	169	4501452	56248	169	171	1	0
P	samples/boss1.mp4	170	4557700	59489	170	169	1	0
P	samples/boss1.mp4	171	4617189	50173	171	170	1	0
P	samples/boss1.mp4	172	4667362	52807	172	174	1	0
P	samples/boss1.mp4	173	4720169	41512	173	172	1	0
P	samples/boss1.mp4	174	4761681	41412	174	173	1	0
P	samples/boss1.mp4	175	4803093	47873	175	177	1	0
P	samples/boss1.mp4	176	4850966	39454	176	175	1	0
P	samples/boss1.mp4	177	4890420	34444	177	176	1	0
P	samples/boss1.mp4	178	4924864	40188	178	180	1	0
P	samples/boss1.mp4	179	4965052	21328	179	178	1	0
P	samples/boss1.mp4	180	4986380	1175	180	179	1	0
P	samples/boss1.mp4	181	4987555	44260	181	183	1	0
P	samples/boss1.mp4	182	5031815	32774	182	181	1	0
P	samples/boss1.mp4	183	5064589	28966	183	182	1	0
P	samples/boss1.mp4	184	5093555	34726	184	186	1	0
P	samples/boss1.mp4	185	5128281	21362	185	184	1	0
P	samples/boss1.mp4	186	5149643	21514	186	185	1	0
P	samples/boss1.mp4	187	5171157	45567	187	189	1	0
P	samples/boss1.mp4	188	5216724	28608	188	187	1	0
P	samples/boss1.mp4	189	5245332	1830	189	188	1	0
P	samples/boss1.mp4	190	5247162	46241	190	192	1	0
P	samples/boss1.mp4	191	5293403	40003	191	190	1	0
P	samples/boss1.mp4	192	5333406	38626	192	191	1	0
P	samples/boss1.mp4	193	5372032	40010	193	195	1	0
P	samples/boss1.mp4	194	5412042	27922	194	193	1	0
P	samples/boss1.mp4	195	5439964	1190	195	194	1	0
P	samples/boss1.mp4	196	5441154	39775	196	198	1	0
P	samples/boss1.mp4	197	5480929	26990	197	196	1	0
P	samples/boss1.mp4	198	5507919	979	198	197	1	0
P	samples/boss1.mp4	199	5508898	36903	199	201	1	0
P	samples/boss1.mp4	200	5545801	25637	200	199	1	0
P	samples/boss1.mp4	201	5571438	1033	201	200	1	0
P	samples/boss1.mp4	202	5572471	34443	202	204	1	0
P	samples/boss1.mp4	203	5606914	17824	203	202	1	0
P	samples/boss1.mp4	204	5624738	1557	204	203	1	0
P	samples/boss1.mp4	205	5626295	30951	205	207	1	0
P	samples/boss1.mp4	206	5657246	19049	206	205	1	0
P	samples/boss1.mp4	207	5676295	2071	207	206	1	0
P	samples/boss1.mp4	208	5678366	26451	208	210	1	0
P	samples/boss1.mp4	209	5704817	15533	209	208	1	0
P	samples/boss1.mp4	210	5720350	2163	210	209	1	0
P	samples/boss1.mp4	211	5722513	32391	211	213	1	0
P	samples/boss1.mp4	212	5754904	18419	212	211	1	0
P	samples/boss1.mp4	213	5773323	3029	213	212	1	0
P	samples/boss1.mp4	214	5776352	33433	214	216	1	0
P	samples/boss1.mp4	215	5809785	19323	215	214	1	0
P	samples/boss1.mp4	216	5829108	3163	216	215	1	0
P	samples/boss1.mp4	217	5832271	35191	217	219	1	0
P	samples/boss1.mp4	218	5867462	18677	218	217	1	0
P	samples/boss1.mp4	219	5886139	3278	219	218	1	0
P	samples/boss1.mp4	220	5889417	36432	220	222	1	0
P	samples/boss1.mp4	221	5925849	18153	221	220	1	0
P	samples/boss1.mp4	222	5944002	1965	222	221	1	0
P	samples/boss1.mp4	223	5945967	36546	223	225	1	0
P	samples/boss1.mp4	224	5982513	22048	224	223	1	0
P	samples/boss1.mp4	225	6004561	22048	225	224	1	0
P	samples/boss1.mp4	226	6026609	30089	226	228	1	0
P	samples/boss1.mp4	227	6056698	1195	227	226	1	0
P	samples/boss1.mp4	228	6057893	1141	228	227	1	0
P	samples/boss1.mp4	229	6059034	41815	229	231	1	0
P	samples/boss1.mp4	230	6100849	30664	230	229	1	0
P	samples/boss1.mp4	231	6131513	30664	231	230	1	0
P	samples/boss1.mp4	232	6162177	37837	232	234	1	0
P	samples/boss1.mp4	233	6200014	2298	233	232	1	0
P	samples/boss1.mp4	234	6202312	2018	234	233	1	0
P	samples/boss1.mp4	235	6204330	39017	235	237	1	0
P	samples/boss1.mp4	236	6243347	20377	236	235	1	0
P	samples/boss1.mp4	237	6263724	20377	237	236	1	0
P	samples/boss1.mp4	238	6284101	33510	238	240	1	0
P	samples/boss1.mp4	239	6317611	2100	239	238	1	0
P	samples/boss1.mp4	240	6319711	15049	240	239	1	0
P	samples/boss1.mp4	241	6334760	37003	241	243	1	0
P	samples/boss1.mp4	242	6371763	2593	242	241	1	0
P	samples/boss1.mp4	243	6374356	20754	243	242	1	0
P	samples/boss1.mp4	244	6395110	35291	244	246	1	0
P	samples/boss1.mp4	245	6430401	3007	245	244	1	0
P	samples/boss1.mp4	246	6433408	15490	246	245	1	0
P	samples/boss1.mp4	247	6448898	38836	247	249	1	0
P	samples/boss1.mp4	248	6487734	17024	248	247	1	0
P	samples/boss1.mp4	249	6504758	17024	249	248	1	0
P	samples/boss1.mp4	250	6623185	77837	250	250	1	1
P	samples/boss1.mp4	251	6701022	41046	251	253	1	0
P	samples/boss1.mp4	252	6742068	25514	252	251	1	0
P	samples/boss1.mp4	253	6767582	27448	253	252	1	0
P	samples/boss1.mp4	254	6795030	41108	254	256	1	0
P	samples/boss1.mp4	255	6836138	2607	255	254	1	0
P	samples/boss1.mp4	256	6838745	2762	256	255	1	0
P	samples/boss1.mp4	257	6841507	36851	257	259	1	0
P	samples/boss1.mp4	258	6878358	1470	258	257	1	0
P	samples/boss1.mp4	259	6879828	1645	259	258	1	0
P	samples/boss1.mp4	260	6881473	37560	260	262	1	0
P	samples/boss1.mp4	261	6919033	24515	261	260	1	0
P	samples/boss1.mp4	262	6943548	2409	262	261	1	0
P	samples/boss1.mp4	263	6945957	39391	263	265	1	0
P	samples/boss1.mp4	264	6985348	22930	264	263	1	0
P	samples/boss1.mp4	265	7008278	2177	265	264	1	0
P	samples/boss1.mp4	266	7010455	43161	266	268	1	0
P	samples/boss1.mp4	267	7053616	33875	267	266	1	0
P	samples/boss1.mp4	268	7087491	31875	268	267	1	0
P	samples/boss1.mp4	269	7119366	39922	269	271	1	0
P	samples/boss1.mp4	270	7159288	23634	270	269	1	0
P	samples/boss1.mp4	271	7182922	2014	271	270	1	0
P	samples/boss1.mp4	272	7184936	51691	272	274	1	0
P	samples/boss1.mp4	273	7236627	36533	273	272	1	0
P	samples/boss1.mp4	274	7273160	34224	274	273	1	0
P	samples/boss1.mp4	275	7307384	54267	275	277	1	0
P	samples/boss1.mp4	276	7361651	2312	276	275	1	0
P	samples/boss1.mp4	277	7363963	37250	277	276	1	0
P	samples/boss1.mp4	278	7401213	54415	278	280	1	0
P	samples/boss1.mp4	279	7455628	39857	279	278	1	0
P	samples/boss1.mp4	280	7495485	39333	280	279	1	0
P	samples/boss1.mp4	281	7534818	54295	281	283	1	0
P	samples/boss1.mp4	282	7589113	1502	282	281	1	0
P	samples/boss1.mp4	283	7590615	38528	283	282	1	0
P	samples/boss1.mp4	284	7629143	52641	284	286	1	0
P	samples/boss1.mp4	285	7681784	36993	285	284	1	0
P	samples/boss1.mp4	286	7718777	30929	286	285	1	0
P	samples/boss1.mp4	287	7749706	53682	287	289	1	0
P	samples/boss1.mp4	288	7803388	1567	288	287	1	0
P	samples/boss1.mp4	289	7804955	38597	289	288	1	0
P	samples/boss1.mp4	290	7843552	49532	290	292	1	0
P	samples/boss1.mp4	291	7893084	37894	291	290	1	0
P	samples/boss1.mp4	292	7930978	31911	292	291	1	0
P	samples/boss1.mp4	293	7962889	49682	293	295	1	0
P	samples/boss1.mp4	294	8012571	2494	294	293	1	0
P	samples/boss1.mp4	295	8015065	34322	295	294	1	0
P	samples/boss1.mp4	296	8049387	51616	296	298	1	0
P	samples/boss1.mp4	297	8101003	1849	297	296	1	0
P	samples/boss1.mp4	298	8102852	35731	298	297	1	0
P	samples/boss1.mp4	299	8138583	48905	299	301	1	0
P	samples/boss1.mp4	300	8187488	37156	300	299	1	0
P	samples/boss1.mp4	301	8224644	31347	301	300	1	0
P	samples/boss1.mp4	302	8255991	52723	302	304	1	0
P	samples/boss1.mp4	303	8308714	34270	303	302	1	0
P	samples/boss1.mp4	304	8342984	35733	304	303	1	0
P	samples/boss1.mp4	305	8378717	49461	305	307	1	0
P	samples/boss1.mp4	306	8428178	34658	306	305	1	0
P	samples/boss1.mp4	307	8462836	29395	307	306	1	0
P	samples/boss1.mp4	308	8492231	53475	308	310	1	0
P	samples/boss1.mp4	309	8545706	34269	309	308	1	0
P	samples/boss1.mp4	310	8579975	35622	310	309	1	0
P	samples/boss1.mp4	311	8615597	56784	311	313	1	0
P	samples/boss1.mp4	312	8672381	38284	312	311	1	0
P	samples/boss1.mp4	313	8710665	32282	313	312	1	0
P	samples/boss1.mp4	314	8742947	57016	314	316	1	0
P	samples/boss1.mp4	315	8799963	2368	315	314	1	0
P	samples/boss1.mp4	316	8802331	33158	316	315	1	0
P	samples/boss1.mp4	317	8835489	69335	317	319	1	0
P	samples/boss1.mp4	318	8904824	48343	318	317	1	0
P	samples/boss1.mp4	319	8953167	52823	319	318	1	0
P	samples/boss1.mp4	320	9005990	68887	320	322	1	0
P	samples/boss1.mp4	321	9074877	53955	321	320	1	0
P	samples/boss1.mp4	322	9128832	49103	322	321	1	0
P	samples/boss1.mp4	323	9177935	77980	323	325	1	0
P	samples/boss1.mp4	324	9255915	57411	324	323	1	0
P	samples/boss1.mp4	325	9313326	61553	325	324	1	0
P	samples/boss1.mp4	326	9374879	74984	326	328	1	0
P	samples/boss1.mp4	327	9449863	64400	327	326	1	0
P	samples/boss1.mp4	328	9514263	66240	328	327	1	0
P	samples/boss1.mp4	329	9580503	75665	329	331	1	0
P	samples/boss1.mp4	330	9656168	61154	330	329	1	0
P	samples/boss1.mp4	331	9717322	60261	331	330	1	0
P	samples/boss1.mp4	332	9777583	76083	332	334	1	0
P	samples/boss1.mp4	333	9853666	56981	333	332	1	0
P	samples/boss1.mp4	334	9910647	56166	334	333	1	0
P	samples/boss1.mp4	335	9966813	71766	335	337	1	0
P	samples/boss1.mp4	336	10038579	52816	336	335	1	0
P	samples/boss1.mp4	337	10091395	54130	337	336	1	0
P	samples/boss1.mp4	338	10145525	64383	338	340	1	0
P	samples/boss1.mp4	339	10209908	50077	339	338	1	0
P	samples/boss1.mp4	340	10259985	43413	340	339	1	0
P	samples/boss1.mp4	341	10303398	66816	341	343	1	0
P	samples/boss1.mp4	342	10370214	45733	342	341	1	0
P	samples/boss1.mp4	343	10415947	48770	343	342	1	0
P	samples/boss1.mp4	344	10464717	62169	344	346	1	0
P	samples/boss1.mp4	345	10526886	48497	345	344	1	0
P	samples/boss1.mp4	346	10575383	50265	346	345	1	0
P	samples/boss1.mp4	347	10625648	52092	347	349	1	0
P	samples/boss1.mp4	348	10677740	41927	348	347	1	0
P	samples/boss1.mp4	349	10719667	37571	349	348	1	0
P	samples/boss1.mp4	350	10757238	50973	350	352	1	0
P	samples/boss1.mp4	351	10808211	28393	351	350	1	0
P	samples/boss1.mp4	352	10836604	1618	352	351	1	0
P	samples/boss1.mp4	353	10838222	53969	353	355	1	0
P	samples/boss1.mp4	354	10892191	29153	354	353	1	0
P	samples/boss1.mp4	355	10921344	965	355	354	1	0
P	samples/boss1.mp4	356	10922309	59952	356	358	1	0
S	samples/boss3.mp4	344	000000106764042aace501e0089f9601e1108b2c0000000468ee3c80
P	samples/boss3.mp4	0	4421	83112	0	0	1	1
P	samples/boss3.mp4	1	87533	40362	1	3	1	0
P	samples/boss3.mp4	2	127895	19696	2	1	1	0
P	samples/boss3.mp4	3	147591	22505	3	2	1	0
P	samples/boss3.mp4	4	170096	41415	4	6	1	0
P	samples/boss3.mp4	5	211511	20823	5	4	1	0
P	samples/boss3.mp4	6	232334	23876	6	5	1	0
P	samples/boss3.mp4	7	256210	40598	7	9	1	0
P	samples/boss3.mp4	8	296808	22140	8	7	1	0
P	samples/boss3.mp4	9	318948	19444	9	8	1	0
P	samples/boss3.mp4	10	338392	39920	10	12	1	0
P	samples/boss3.mp4	11	378312	19747	11	10	1	0
P	samples/boss3.mp4	12	398059	22757	12	11	1	0
P	samples/boss3.mp4	13	420816	42347	13	15	1	0
P	samples/boss3.mp4	14	463163	21321	14	13	1	0
P	samples/boss3.mp4	15	484484	24075	15	14	1	0
P	samples/boss3.mp4	16	508559	41906	16	18	1	0
P	samples/boss3.mp4	17	550465	20811	17	16	1	0
P	samples/boss3.mp4	18	571276	23363	18	17	1	0
P	samples/boss3.mp4	19	594639	41563	19	21	1	0
P	samples/boss3.mp4	20	636202	22138	20	19	1	0
P	samples/boss3.mp4	21	658340	19589	21	20	1	0
P	samples/boss3.mp4	22	677929	40258	22	24	1	0
P	samples/boss3.mp4	23	718187	19594	23	22	1	0
P	samples/boss3.mp4	24	737781	22524	24	23	1	0
P	samples/boss3.mp4	25	760305	41520	25	27	1	0
P	samples/boss3.mp4	26	801825	22560	26	25	1	0
P	samples/boss3.mp4	27	824385	24076	27	26	1	0
P	samples/boss3.mp4	28	848461	40643	28	30	1	0
P	samples/boss3.mp4	29	889104	20841	29	28	1	0
P	samples/boss3.mp4	30	909945	23240	30	29	1	0
P	samples/boss3.mp4	31	933185	39757	31	33	1	0
P	samples/boss3.mp4	32	972942	21317	32	31	1	0
P	samples/boss3.mp4	33	994259	24105	33	32	1	0
P	samples/boss3.mp4	34	1018364	41037	34	36	1	0
P	samples/boss3.mp4	35	1059401	22144	35	34	1	0
P	samples/boss3.mp4	36	1081545	22106	36	35	1	0
P	samples/boss3.mp4	37	1103651	36368	37	39	1	0
P	samples/boss3.mp4	38	1140019	20258	38	37	1	0
P	samples/boss3.mp4	39	1160277	17495	39	38	1	0
P	samples/boss3.mp4	40	1177772	37108	40	42	1	0
P	samples/boss3.mp4	41	1214880	17845	41	40	1	0
P	samples/boss3.mp4	42	1232725	20842	42	41	1	0
P	samples/boss3.mp4	43	1253567	36991	43	45	1	0
P	samples/boss3.mp4	44	1290558	20128	44	43	1	0
P	samples/boss3.mp4	45	1310686	17254	45	44	1	0
P	samples/boss3.mp4	46	1327940	35453	46	48	1	0
P	samples/boss3.mp4	47	1363393	16737	47	46	1	0
P	samples/boss3.mp4	48	1380130	19817	48	47	1	0
P	samples/boss3.mp4	49	1399947	36958	49	51	1	0
P	samples/boss3.mp4	50	1436905	19012	50	49	1	0
P	samples/boss3.mp4	51	1455917	21679	51	50	1	0
P	samples/boss3.mp4	52	1477596	38326	52	54	1	0
P	samples/boss3.mp4	53	1515922	19938	53	52	1	0
P	samples/boss3.mp4	54	1535860	22180	54	53	1	0
P	samples/boss3.mp4	55	1558040	35289	55	57	1	0
P	samples/boss3.mp4	56	1593329	18829	56	55	1	0
P	samples/boss3.mp4	57	1612158	20996	57	56	1	0
P	samples/boss3.mp4	58	1633154	32603	58	60	1	0
P	samples/boss3.mp4	59	1665757	17622	59	58	1	0
P	samples/boss3.mp4	60	1683379	19250	60	59	1	0
P	samples/boss3.mp4	61	1702629	31664	61	63	1	0
P	samples/boss3.mp4	62	1734293	16027	62	61	1	0
P	samples/boss3.mp4	63	1750320	17781	63	62	1	0
P	samples/boss3.mp4	64	1768101	31432	64	66	1	0
P	samples/boss3.mp4	65	1799533	15500	65	64	1	0
P	samples/boss3.mp4	66	1815033	17224	66	65	1	0
P	samples/boss3.mp4	67	1832257	32369	67	69	1	0
P	samples/boss3.mp4	68	1864626	15233	68	67	1	0
P	samples/boss3.mp4	69	1879859	15144	69	68	1	0
P	samples/boss3.mp4	70	1895003	31451	70	72	1	0
P	samples/boss3.mp4	71	1926454	15506	71	70	1	0
P	samples/boss3.mp4	72	1941960	15506	72	71	1	0
P	samples/boss3.mp4	73	1957466	34216	73	75	1	0
P	samples/boss3.mp4	74	1991682	16918	74	73	1	0
P	samples/boss3.mp4	75	2008600	19654	75	74	1	0
P	samples/boss3.mp4	76	2028254	34964	76	78	1	0
P	samples/boss3.mp4	77	2063218	16329	77	76	1	0
P	samples/boss3.mp4	78	2079547	18940	78	77	1	0
P	samples/boss3.mp4	79	2098487	26623	79	81	1	0
P	samples/boss3.mp4	80	2125110	13280	80	79	1	0
P	samples/boss3.mp4	81	2138390	989	81	80	1	0
P	samples/boss3.mp4	82	2139379	35274	82	84	1	0
P	samples/boss3.mp4	83	2174653	18030	83	82	1	0
P	samples/boss3.mp4	84	2192683	2038	84	83	1	0
P	samples/boss3.mp4	85	2194721	40803	85	87	1	0
P	samples/boss3.mp4	86	2235524	22046	86	85	1	0
P	samples/boss3.mp4	87	2257570	2475	87	86	1	0
P	samples/boss3.mp4	88	2260045	48038	88	90	1	0
P	samples/boss3.mp4	89	2308083	24780	89	88	1	0
P	samples/boss3.mp4	90	2332863	25216	90	89	1	0
P	samples/boss3.mp4	91	2358079	40583	91	93	1	0
P	samples/boss3.mp4	92	2398662	20065	92	91	1	0
P	samples/boss3.mp4	93	2418727	22513	93	92	1	0
P	samples/boss3.mp4	94	2441240	40370	94	96	1	0
P	samples/boss3.mp4	95	2481610	20583	95	94	1	0
P	samples/boss3.mp4	96	2502193	23030	96	95	1	0
P	samples/boss3.mp4	97	2525223	40520	97	99	1	0
P	samples/boss3.mp4	98	2565743	3308	98	97	1	0
P	samples/boss3.mp4	99	2569051	23140	99	98	1	0
P	samples/boss3.mp4	100	2592191	39057	100	102	1	0
P	samples/boss3.mp4	101	2631248	16620	101	100	1	0
P	samples/boss3.mp4	102	2647868	16620	102	101	1	0
P	samples/boss3.mp4	103	2664488	43779	103	105	1	0
P	samples/boss3.mp4	104	2708267	23873	104	103	1	0
P	samples/boss3.mp4	105	2732140	24059	105	104	1	0
P	samples/boss3.mp4	106	2756199	35219	106	108	1	0
P	samples/boss3.mp4	107	2791418	4212	107	106	1	0
P	samples/boss3.mp4	108	2795630	19496	108	107	1	0
P	samples/boss3.mp4	109	2815126	39657	109	111	1	0
P	samples/boss3.mp4	110	2854783	2768	110	109	1	0
P	samples/boss3.mp4	111	2857551	17391	111	110	1	0
P	samples/boss3.mp4	112	2874942	37325	112	114	1	0
P	samples/boss3.mp4	113	2912267	3606	113	112	1	0
P	samples/boss3.mp4	114	2915873	18124	114	113	1	0
P	samples/boss3.mp4	115	2933997	31931	115	117	1	0
P	samples/boss3.mp4	116	2965928	18038	116	115	1	0
P	samples/boss3.mp4	117	2983966	18038	117	116	1	0
P	samples/boss3.mp4	118	3002004	40929	118	120	1	0
P	samples/boss3.mp4	119	3042933	22818	119	118	1	0
P	samples/boss3.mp4	120	3065751	21493	120	119	1	0
P	samples/boss3.mp4	121	3087244	27526	121	123	1	0
P	samples/boss3.mp4	122	3114770	12371	122	121	1	0
P	samples/boss3.mp4	123	3127141	12371	123	122	1	0
P	samples/boss3.mp4	124	3139512	34698	124	126	1	0
P	samples/boss3.mp4	125	3174210	20730	125	124	1	0
P	samples/boss3.mp4	126	3194940	20730	126	125	1	0
P	samples/boss3.mp4	127	3215670	47639	127	129	1	0
P	samples/boss3.mp4	128	3263309	29241	128	127	1	0
P	samples/boss3.mp4	129	3292550	29241	129	128	1	0
P	samples/boss3.mp4	130	3321791	42623	130	132	1	0
P	samples/boss3.mp4	131	3364414	25608	131	130	1	0
P	samples/boss3.mp4	132	3390022	25608	132	131	1	0
P	samples/boss3.mp4	133	3415630	48306	133	135	1	0
P	samples/boss3.mp4	134	3463936	35633	134	133	1	0
P	samples/boss3.mp4	135	3499569	30679	135	134	1	0
P	samples/boss3.mp4	136	3530248	38635	136	138	1	0
P	samples/boss3.mp4	137	3568883	23865	137	136	1	0
P	samples/boss3.mp4	138	3592748	23865	138	137	1	0
P	samples/boss3.mp4	139	3616613	45990	139	141	1	0
P	samples/boss3.mp4	140	3662603	32933	140	139	1	0
P	samples/boss3.mp4	141	3695536	32933	141	140	1	0
P	samples/boss3.mp4	142	3728469	44757	142	144	1	0
P	samples/boss3.mp4	143	3773226	32347	143	142	1	0
P	samples/boss3.mp4	144	3805573	36092	144	143	1	0
P	samples/boss3.mp4	145	3841665	39206	145	147	1	0
P	samples/boss3.mp4	146	3880871	24344	146	145	1	0
P	samples/boss3.mp4	147	3905215	24344	147	146	1	0
P	samples/boss3.mp4	148	3929559	40280	148	150	1	0
P	samples/boss3.mp4	149	3969839	28526	149	148	1	0
P	samples/boss3.mp4	150	3998365	28526	150	149	1	0
P	samples/boss3.mp4	151	4026891	40994	151	153	1	0
P	samples/boss3.mp4	152	4067885	30835	152	151	1	0
P	samples/boss3.mp4	153	4098720	30835	153	152	1	0
P	samples/boss3.mp4	154	4129555	39976	154	156	1	0
P	samples/boss3.mp4	155	4169531	29408	155	154	1	0
P	samples/boss3.mp4	156	4198939	29408	156	155	1	0
P	samples/boss3.mp4	157	4228347	41603	157	159	1	0
P	samples/boss3.mp4	158	4269950	29354	158	157	1	0
P	samples/boss3.mp4	159	4299304	29354	159	158	1	0
P	samples/boss3.mp4	160	4328658	40280	160	162	1	0
P	samples/boss3.mp4	161	4368938	28502	161	160	1	0
P	samples/boss3.mp4	162	4397440	28502	162	161	1	0
P	samples/boss3.mp4	163	4425942	42179	163	165	1	0
P	samples/boss3.mp4	164	4468121	28437	164	163	1	0
P	samples/boss3.mp4	165	4496558	28437	165	164	1	0
P	samples/boss3.mp4	166	4524995	40020	166	168	1	0
P	samples/boss3.mp4	167	4565015	26994	167	166	1	0
P	samples/boss3.mp4	168	4592009	26994	168	167	1	0
P	samples/boss3.mp4	169	4619003	45427	169	171	1	0
P	samples/boss3.mp4	170	4664430	34144	170	169	1	0
P	samples/boss3.mp4	171	4698574	34144	171	170	1	0
P	samples/boss3.mp4	172	4732718	40856	172	174	1	0
P	samples/boss3.mp4	173	4773574	26256	173	172	1	0
P	samples/boss3.mp4	174	4799830	26256	174	173	1	0
P	samples/boss3.mp4	175	4826086	41445	175	177	1	0
P	samples/boss3.mp4	176	4867531	29657	176	175	1	0
P	samples/boss3.mp4	177	4897188	29657	177	176	1	0
P	samples/boss3.mp4	178	4926845	37386	178	180	1	0
P	samples/boss3.mp4	179	4964231	24793	179	178	1	0
P	samples/boss3.mp4	180	4989024	24793	180	179	1	0
P	samples/boss3.mp4	181	5013817	42888	181	183	1	0
P	samples/boss3.mp4	182	5056705	27128	182	181	1	0
P	samples/boss3.mp4	183	5083833	30611	183	182	1	0
P	samples/boss3.mp4	184	5114444	33818	184	186	1	0
P	samples/boss3.mp4	185	5148262	18365	185	184	1	0
P	samples/boss3.mp4	186	5166627	18365	186	185	1	0
P	samples/boss3.mp4	187	5184992	41615	187	189	1	0
P	samples/boss3.mp4	188	5226607	25984	188	187	1	0
P	samples/boss3.mp4	189	5252591	25984	189	188	1	0
P	samples/boss3.mp4	190	5278575	46202	190	192	1	0
P	samples/boss3.mp4	191	5324777	28678	191	190	1	0
P	samples/boss3.mp4	192	5353455	33555	192	191	1	0
P	samples/boss3.mp4	193	5387010	30025	193	195	1	0
P	samples/boss3.mp4	194	5417035	19654	194	193	1	0
P	samples/boss3.mp4	195	5436689	19654	195	194	1	0
P	samples/boss3.mp4	196	5456343	38382	196	198	1	0
P	samples/boss3.mp4	197	5494725	22831	197	196	1	0
P	samples/boss3.mp4	198	5517556	22831	198	197	1	0
P	samples/boss3.mp4	199	5540387	36582	199	201	1	0
P	samples/boss3.mp4	200	5576969	22951	200	199	1	0
P	samples/boss3.mp4	201	5599920	22120	201	200	1	0
P	samples/boss3.mp4	202	5622040	36603	202	204	1	0
P	samples/boss3.mp4	203	5658643	22645	203	202	1	0
P	samples/boss3.mp4	204	5681288	22645	204	203	1	0
P	samples/boss3.mp4	205	5703933	35974	205	207	1	0
P	samples/boss3.mp4	206	5739907	22892	206	205	1	0
P	samples/boss3.mp4	207	5762799	23165	207	206	1	0
P	samples/boss3.mp4	208	5785964	36132	208	210	1	0
P	samples/boss3.mp4	209	5822096	22861	209	208	1	0
P	samples/boss3.mp4	210	5844957	23516	210	209	1	0
P	samples/boss3.mp4	211	5868473	35201	211	213	1	0
P	samples/boss3.mp4	212	5903674	22668	212	211	1	0
P	samples/boss3.mp4	213	5926342	22668	213	212	1	0
P	samples/boss3.mp4	214	5949010	32467	214	216	1	0
P	samples/boss3.mp4	215	5981477	20989	215	214	1	0
P	samples/boss3.mp4	216	6002466	17705	216	215	1	0
P	samples/boss3.mp4	217	6020171	33242	217	219	1	0
P	samples/boss3.mp4	218	6053413	19341	218	217	1	0
P	samples/boss3.mp4	219	6072754	20981	219	218	1	0
P	samples/boss3.mp4	220	6093735	31954	220	222	1	0
P	samples/boss3.mp4	221	6125689	21247	221	220	1	0
P	samples/boss3.mp4	222	6146936	20920	222	221	1	0
P	samples/boss3.mp4	223	6167856	27915	223	225	1	0
P	samples/boss3.mp4	224	6195771	18100	224	223	1	0
P	samples/boss3.mp4	225	6213871	15640	225	224	1	0
P	samples/boss3.mp4	226	6229511	28935	226	228	1	0
P	samples/boss3.mp4	227	6258446	17522	227	226	1	0
P	samples/boss3.mp4	228	6275968	15829	228	227	1	0
P	samples/boss3.mp4	229	6291797	32624	229	231	1	0
P	samples/boss3.mp4	230	6324421	18219	230	229	1	0
P	samples/boss3.mp4	231	6342640	19783	231	230	1	0
P	samples/boss3.mp4	232	6362423	33251	232	234	1	0
P	samples/boss3.mp4	233	6395674	20137	233	232	1	0
P	samples/boss3.mp4	234	6415811	20947	234	233	1	0
P	samples/boss3.mp4	235	6436758	33273	235	237	1	0
P	samples/boss3.mp4	236	6470031	19625	236	235	1	0
P	samples/boss3.mp4	237	6489656	20305	237	236	1	0
P	samples/boss3.mp4	238	6509961	31674	238	240	1	0
P	samples/boss3.mp4	239	6541635	18947	239	238	1	0
P	samples/boss3.mp4	240	6560582	14738	240	239	1	0
P	samples/boss3.mp4	241	6575320	31668	241	243	1	0
P	samples/boss3.mp4	242	6606988	16997	242	241	1	0
P	samples/boss3.mp4	243	6623985	14491	243	242	1	0
P	samples/boss3.mp4	244	6638476	38186	244	246	1	0
P	samples/boss3.mp4	245	6676662	18810	245	244	1	0
P	samples/boss3.mp4	246	6695472	19398	246	245	1	0
P	samples/boss3.mp4	247	6714870	32444	247	249	1	0
P	samples/boss3.mp4	248	6747314	17921	248	247	1	0
P	samples/boss3.mp4	249	6765235	18893	249	248	1	0
P	samples/boss3.mp4	250	6885133	73628	250	250	1	1
P	samples/boss3.mp4	251	6958761	33613	251	253	1	0
P	samples/boss3.mp4	252	6992374	17541	252	251	1	0
P	samples/boss3.mp4	253	7009915	19162	253	252	1	0
P	samples/boss3.mp4	254	7029077	35938	254	256	1	0
P	samples/boss3.mp4	255	7065015	19290	255	254	1	0
P	samples/boss3.mp4	256	7084305	20334	256	255	1	0
P	samples/boss3.mp4	257	7104639	36648	257	259	1	0
P	samples/boss3.mp4	258	7141287	18731	258	257	1	0
P	samples/boss3.mp4	259	7160018	19945	259	258	1	0
P	samples/boss3.mp4	260	7179963	35722	260	262	1	0
P	samples/boss3.mp4	261	7215685	19541	261	260	1	0
P	samples/boss3.mp4	262	7235226	16516	262	261	1	0
P	samples/boss3.mp4	263	7251742	35188	263	265	1	0
P	samples/boss3.mp4	264	7286930	18334	264	263	1	0
P	samples/boss3.mp4	265	7305264	20007	265	264	1	0
P	samples/boss3.mp4	266	7325271	35402	266	268	1	0
P	samples/boss3.mp4	267	7360673	18418	267	266	1	0
P	samples/boss3.mp4	268	7379091	19971	268	267	1	0
P	samples/boss3.mp4	269	7399062	34568	269	271	1	0
P	samples/boss3.mp4	270	7433630	18488	270	269	1	0
P	samples/boss3.mp4	271	7452118	19095	271	270	1	0
P	samples/boss3.mp4	272	7471213	34508	272	274	1	0
P	samples/boss3.mp4	273	7505721	18004	273	272	1	0
P	samples/boss3.mp4	274	7523725	19008	274	273	1	0
P	samples/boss3.mp4	275	7542733	32948	275	277	1	0
P	samples/boss3.mp4	276	7575681	17417	276	275	1	0
P	samples/boss3.mp4	277	7593098	18521	277	276	1	0
P	samples/boss3.mp4	278	7611619	33923	278	280	1	0
P	samples/boss3.mp4	279	7645542	19772	279	278	1	0
P	samples/boss3.mp4	280	7665314	19439	280	279	1	0
P	samples/boss3.mp4	281	7684753	34478	281	283	1	0
P	samples/boss3.mp4	282	7719231	19016	282	281	1	0
P	samples/boss3.mp4	283	7738247	21490	283	282	1	0
P	samples/boss3.mp4	284	7759737	34660	284	286	1	0
P	samples/boss3.mp4	285	7794397	21512	285	284	1	0
P	samples/boss3.mp4	286	7815909	20194	286	285	1	0
P	samples/boss3.mp4	287	7836103	33875	287	289	1	0
P	samples/boss3.mp4	288	7869978	20082	288	287	1	0
P	samples/boss3.mp4	289	7890060	20641	289	288	1	0
P	samples/boss3.mp4	290	7910701	42170	290	292	1	0
P	samples/boss3.mp4	291	7952871	28363	291	290	1	0
P	samples/boss3.mp4	292	7981234	24882	292	291	1	0
P	samples/boss3.mp4	293	8006116	33909	293	295	1	0
P	samples/boss3.mp4	294	8040025	21559	294	293	1	0
P	samples/boss3.mp4	295	8061584	21099	295	294	1	0
P	samples/boss3.mp4	296	8082683	33669	296	298	1	0
P	samples/boss3.mp4	297	8116352	23482	297	296	1	0
P	samples/boss3.mp4	298	8139834	22347	298	297	1	0
P	samples/boss3.mp4	299	8162181	34050	299	301	1	0
P	samples/boss3.mp4	300	8196231	21927	300	299	1	0
P	samples/boss3.mp4	301	8218158	22453	301	300	1	0
P	samples/boss3.mp4	302	8240611	35068	302	304	1	0
P	samples/boss3.mp4	303	8275679	20885	303	302	1	0
P	samples/boss3.mp4	304	8296564	20507	304	303	1	0
P	samples/boss3.mp4	305	8317071	35387	305	307	1	0
P	samples/boss3.mp4	306	8352458	19662	306	305	1	0
P	samples/boss3.mp4	307	8372120	21726	307	306	1	0
P	samples/boss3.mp4	308	8393846	32100	308	310	1	0
P	samples/boss3.mp4	309	8425946	19558	309	308	1	0
P	samples/boss3.mp4	310	8445504	19569	310	309	1	0
P	samples/boss3.mp4	311	8465073	31381	311	313	1	0
P	samples/boss3.mp4	312	8496454	18336	312	311	1	0
P	samples/boss3.mp4	313	8514790	18215	313	312	1	0
P	samples/boss3.mp4	314	8533005	30170	314	316	1	0
P	samples/boss3.mp4	315	8563175	16912	315	314	1	0
P	samples/boss3.mp4	316	8580087	17478	316	315	1	0
P	samples/boss3.mp4	317	8597565	30786	317	319	1	0
P	samples/boss3.mp4	318	8628351	15548	318	317	1	0
P	samples/boss3.mp4	319	8643899	16165	319	318	1	0
P	samples/boss3.mp4	320	8660064	33799	320	322	1	0
P	samples/boss3.mp4	321	8693863	16832	321	320	1	0
P	samples/boss3.mp4	322	8710695	17186	322	321	1	0
P	samples/boss3.mp4	323	8727881	31386	323	325	1	0
P	samples/boss3.mp4	324	8759267	17390	324	323	1	0
P	samples/boss3.mp4	325	8776657	17553	325	324	1	0
P	samples/boss3.mp4	326	8794210	32977	326	328	1	0
P	samples/boss3.mp4	327	8827187	18164	327	326	1	0
P	samples/boss3.mp4	328	8845351	21679	328	327	1	0
P	samples/boss3.mp4	329	8867030	34638	329	331	1	0
P	samples/boss3.mp4	330	8901668	21467	330	329	1	0
P	samples/boss3.mp4	331	8923135	22343	331	330	1	0
P	samples/boss3.mp4	332	8945478	37520	332	334	1	0
P	samples/boss3.mp4	333	8982998	22419	333	332	1	0
P	samples/boss3.mp4	334	9005417	23539	334	333	1	0
P	samples/boss3.mp4	335	9028956	37634	335	337	1	0
P	samples/boss3.mp4	336	9066590	23705	336	335	1	0
P	samples/boss3.mp4	337	9090295	23673	337	336	1	0
P	samples/boss3.mp4	338	9113968	38925	338	340	1	0
P	samples/boss3.mp4	339	9152893	25861	339	338	1	0
P	samples/boss3.mp4	340	9178754	24481	340	339	1	0
P	samples/boss3.mp4	341	9203235	41118	341	343	1	0
P	samples/boss3.mp4	342	9244353	24702	342	341	1	0
P	samples/boss3.mp4	343	9269055	25933	343	342	1	0
S	samples/ew1.mp4	478	000000106764042aace501e0089f9601e1108b2c0000000468ee3c80
P	samples/ew1.mp4	0	4421	116094	0	0	1	1
P	samples/ew1.mp4	1	120515	14914	1	3	1	0
P	samples/ew1.mp4	2	135429	1875	2	1	1	0
P	samples/ew1.mp4	3	137304	2990	3	2	1	0
P	samples/ew1.mp4	4	140294	12732	4	6	1	0
P	samples/ew1.mp4	5	153026	1436	5	4	1	0
P	samples/ew1.mp4	6	154462	2272	6	5	1	0
P	samples/ew1.mp4	7	156734	10734	7	9	1	0
P	samples/ew1.mp4	8	167468	1171	8	7	1	0
P	samples/ew1.mp4	9	168639	1855	9	8	1	0
P	samples/ew1.mp4	10	170494	10088	10	12	1	0
P	samples/ew1.mp4	11	180582	1184	11	10	1	0
P	samples/ew1.mp4	12	181766	1568	12	11	1	0
P	samples/ew1.mp4	13	183334	7856	13	15	1	0
P	samples/ew1.mp4	14	191190	1100	14	13	1	0
P	samples/ew1.mp4	15	192290	1342	15	14	1	0
P	samples/ew1.mp4	16	193632	7955	16	18	1	0
P	samples/ew1.mp4	17	201587	1028	17	16	1	0
P	samples/ew1.mp4	18	202615	1181	18	17	1	0
P	samples/ew1.mp4	19	203796	9728	19	21	1	0
P	samples/ew1.mp4	20	213524	1228	20	19	1	0
P	samples/ew1.mp4	21	214752	1324	21	20	1	0
P	samples/ew1.mp4	22	216076	7288	22	24	1	0
P	samples/ew1.mp4	23	223364	740	23	22	1	0
P	samples/ew1.mp4	24	224104	910	24	23	1	0
P	samples/ew1.mp4	25	225014	6025	25	27	1	0
P	samples/ew1.mp4	26	231039	858	26	25	1	0
P	samples/ew1.mp4	27	231897	1034	27	26	1	0
P	samples/ew1.mp4	28	232931	4997	28	30	1	0
P	samples/ew1.mp4	29	237928	748	29	28	1	0
P	samples/ew1.mp4	30	238676	964	30	29	1	0
P	samples/ew1.mp4	31	239640	4909	31	33	1	0
P	samples/ew1.mp4	32	244549	745	32	31	1	0
P	samples/ew1.mp4	33	245294	925	33	32	1	0
P	samples/ew1.mp4	34	246219	10940	34	36	1	0
P	samples/ew1.mp4	35	257159	1172	35	34	1	0
P	samples/ew1.mp4	36	258331	1935	36	35	1	0
P	samples/ew1.mp4	37	260266	5881	37	39	1	0
P	samples/ew1.mp4	38	266147	616	38	37	1	0
P	samples/ew1.mp4	39	266763	1003	39	38	1	0
P	samples/ew1.mp4	40	267766	4569	40	42	1	0
P	samples/ew1.mp4	41	272335	825	41	40	1	0
P	samples/ew1.mp4	42	273160	956	42	41	1	0
P	samples/ew1.mp4	43	274116	4055	43	45	1	0
P	samples/ew1.mp4	44	278171	680	44	43	1	0
P	samples/ew1.mp4	45	278851	887	45	44	1	0
P	samples/ew1.mp4	46	279738	4327	46	48	1	0
P	samples/ew1.mp4	47	284065	713	47	46	1	0
P	samples/ew1.mp4	48	284778	781	48	47	1	0
P	samples/ew1.mp4	49	285559	4034	49	51	1	0
P	samples/ew1.mp4	50	289593	725	50	49	1	0
P	samples/ew1.mp4	51	290318	853	51	50	1	0
P	samples/ew1.mp4	52	291171	2733	52	54	1	0
P	samples/ew1.mp4	53	293904	418	53	52	1	0
P	samples/ew1.mp4	54	294322	553	54	53	1	0
P	samples/ew1.mp4	55	294875	29533	55	57	1	0
P	samples/ew1.mp4	56	324408	1198	56	55	1	0
P	samples/ew1.mp4	57	325606	1298	57	56	1	0
P	samples/ew1.mp4	58	326904	7264	58	60	1	0
P	samples/ew1.mp4	59	334168	669	59	58	1	0
P	samples/ew1.mp4	60	334837	759	60	59	1	0
P	samples/ew1.mp4	61	335596	6588	61	63	1	0
P	samples/ew1.mp4	62	342184	657	62	61	1	0
P	samples/ew1.mp4	63	342841	1004	63	62	1	0
P	samples/ew1.mp4	64	343845	6256	64	66	1	0
P	samples/ew1.mp4	65	350101	830	65	64	1	0
P	samples/ew1.mp4	66	350931	1118	66	65	1	0
P	samples/ew1.mp4	67	352049	5046	67	69	1	0
P	samples/ew1.mp4	68	357095	748	68	67	1	0
P	samples/ew1.mp4	69	357843	940	69	68	1	0
P	samples/ew1.mp4	70	358783	5874	70	72	1	0
P	samples/ew1.mp4	71	364657	738	71	70	1	0
P	samples/ew1.mp4	72	365395	972	72	71	1	0
P	samples/ew1.mp4	73	366367	5405	73	75	1	0
P	samples/ew1.mp4	74	371772	642	74	73	1	0
P	samples/ew1.mp4	75	372414	798	75	74	1	0
P	samples/ew1.mp4	76	373212	5000	76	78	1	0
P	samples/ew1.mp4	77	378212	793	77	76	1	0
P	samples/ew1.mp4	78	379005	926	78	77	1	0
P	samples/ew1.mp4	79	379931	3604	79	81	1	0
P	samples/ew1.mp4	80	383535	689	80	79	1	0
P	samples/ew1.mp4	81	384224	597	81	80	1	0
P	samples/ew1.mp4	82	384821	3724	82	84	1	0
P	samples/ew1.mp4	83	388545	487	83	82	1	0
P	samples/ew1.mp4	84	389032	936	84	83	1	0
P	samples/ew1.mp4	85	389968	3667	85	87	1	0
P	samples/ew1.mp4	86	393635	635	86	85	1	0
P	samples/ew1.mp4	87	394270	886	87	86	1	0
P	samples/ew1.mp4	88	395156	6538	88	90	1	0
P	samples/ew1.mp4	89	401694	1013	89	88	1	0
P	samples/ew1.mp4	90	402707	1228	90	89	1	0
P	samples/ew1.mp4	91	403935	4822	91	93	1	0
P	samples/ew1.mp4	92	408757	825	92	91	1	0
P	samples/ew1.mp4	93	409582	985	93	92	1	0
P	samples/ew1.mp4	94	410567	6088	94	96	1	0
P	samples/ew1.mp4	95	416655	810	95	94	1	0
P	samples/ew1.mp4	96	417465	1048	96	95	1	0
P	samples/ew1.mp4	97	418513	5626	97	99	1	0
P	samples/ew1.mp4	98	424139	835	98	97	1	0
P	samples/ew1.mp4	99	424974	904	99	98	1	0
P	samples/ew1.mp4	100	425878	5408	100	102	1	0
P	samples/ew1.mp4	101	431286	780	101	100	1	0
P	samples/ew1.mp4	102	432066	944	102	101	1	0
P	samples/ew1.mp4	103	433010	5540	103	105	1	0
P	samples/ew1.mp4	104	438550	848	104	103	1	0
P	samples/ew1.mp4	105	439398	941	105	104	1	0
P	samples/ew1.mp4	106	440339	5614	106	108	1	0
P	samples/ew1.mp4	107	445953	683	107	106	1	0
P	samples/ew1.mp4	108	446636	939	108	107	1	0
P	samples/ew1.mp4	109	447575	5389	109	111	1	0
P	samples/ew1.mp4	110	452964	857	110	109	1	0
P	samples/ew1.mp4	111	453821	1089	111	110	1	0
P	samples/ew1.mp4	112	454910	5277	112	114	1	0
P	samples/ew1.mp4	113	460187	1002	113	112	1	0
P	samples/ew1.mp4	114	461189	1152	114	113	1	0
P	samples/ew1.mp4	115	462341	4561	115	117	1	0
P	samples/ew1.mp4	116	466902	750	116	115	1	0
P	samples/ew1.mp4	117	467652	925	117	116	1	0
P	samples/ew1.mp4	118	468577	5800	118	120	1	0
P	samples/ew1.mp4	119	474377	882	119	118	1	0
P	samples/ew1.mp4	120	475259	992	120	119	1	0
P	samples/ew1.mp4	121	476251	4823	121	123	1	0
P	samples/ew1.mp4	122	481074	670	122	121	1	0
P	samples/ew1.mp4	123	481744	978	123	122	1	0
P	samples/ew1.mp4	124	482722	4341	124	126	1	0
P	samples/ew1.mp4	125	487063	804	125	124	1	0
P	samples/ew1.mp4	126	487867	995	126	125	1	0
P	samples/ew1.mp4	127	488862	4087	127	129	1	0
P	samples/ew1.mp4	128	492949	734	128	127	1	0
P	samples/ew1.mp4	129	493683	886	129	128	1	0
P	samples/ew1.mp4	130	494569	5636	130	132	1	0
P	samples/ew1.mp4	131	500205	918	131	130	1	0
P	samples/ew1.mp4	132	501123	1243	132	131	1	0
P	samples/ew1.mp4	133	502366	4313	133	135	1	0
P	samples/ew1.mp4	134	506679	560	134	133	1	0
P	samples/ew1.mp4	135	507239	1076	135	134	1	0
P	samples/ew1.mp4	136	508315	4258	136	138	1	0
P	samples/ew1.mp4	137	512573	545	137	136	1	0
P	samples/ew1.mp4	138	513118	646	138	137	1	0
P	samples/ew1.mp4	139	513764	5354	139	141	1	0
P	samples/ew1.mp4	140	519118	846	140	139	1	0
P	samples/ew1.mp4	141	519964	1049	141	140	1	0
P	samples/ew1.mp4	142	521013	4516	142	144	1	0
P	samples/ew1.mp4	143	525529	687	143	142	1	0
P	samples/ew1.mp4	144	526216	1110	144	143	1	0
P	samples/ew1.mp4	145	527326	4263	145	147	1	0
P	samples/ew1.mp4	146	531589	500	146	145	1	0
P	samples/ew1.mp4	147	532089	1018	147	146	1	0
P	samples/ew1.mp4	148	533107	3816	148	150	1	0
P	samples/ew1.mp4	149	536923	715	149	148	1	0
P	samples/ew1.mp4	150	537638	854	150	149	1	0
P	samples/ew1.mp4	151	538492	4247	151	153	1	0
P	samples/ew1.mp4	152	542739	862	152	151	1	0
P	samples/ew1.mp4	153	543601	897	153	152	1	0
P	samples/ew1.mp4	154	544498	7041	154	156	1	0
P	samples/ew1.mp4	155	551539	697	155	154	1	0
P	samples/ew1.mp4	156	552236	1098	156	155	1	0
P	samples/ew1.mp4	157	553334	4516	157	159	1	0
P	samples/ew1.mp4	158	557850	840	158	157	1	0
P	samples/ew1.mp4	159	558690	750	159	158	1	0
P	samples/ew1.mp4	160	559440	3819	160	162	1	0
P	samples/ew1.mp4	161	563259	600	161	160	1	0
P	samples/ew1.mp4	162	563859	964	162	161	1	0
P	samples/ew1.mp4	163	564823	3707	163	165	1	0
P	samples/ew1.mp4	164	568530	759	164	163	1	0
P	samples/ew1.mp4	165	569289	944	165	164	1	0
P	samples/ew1.mp4	166	570233	6268	166	168	1	0
P	samples/ew1.mp4	167	576501	848	167	166	1	0
P	samples/ew1.mp4	168	577349	1023	168	167	1	0
P	samples/ew1.mp4	169	578372	6362	169	171	1	0
P	samples/ew1.mp4	170	584734	584	170	169	1	0
P	samples/ew1.mp4	171	585318	824	171	170	1	0
P	samples/ew1.mp4	172	586142	4528	172	174	1	0
P	samples/ew1.mp4	173	590670	839	173	172	1	0
P	samples/ew1.mp4	174	591509	646	174	173	1	0
P	samples/ew1.mp4	175	592155	4144	175	177	1	0
P	samples/ew1.mp4	176	596299	522	176	175	1	0
P	samples/ew1.mp4	177	596821	906	177	176	1	0
P	samples/ew1.mp4	178	597727	3652	178	180	1	0
P	samples/ew1.mp4	179	601379	845	179	178	1	0
P	samples/ew1.mp4	180	602224	626	180	179	1	0
P	samples/ew1.mp4	181	602850	5105	181	183	1	0
P	samples/ew1.mp4	182	607955	1008	182	181	1	0
P	samples/ew1.mp4	183	608963	1242	183	182	1	0
P	samples/ew1.mp4	184	610205	6798	184	186	1	0
P	samples/ew1.mp4	185	617003	865	185	184	1	0
P	samples/ew1.mp4	186	617868	1061	186	185	1	0
P	samples/ew1.mp4	187	618929	4877	187	189	1	0
P	samples/ew1.mp4	188	623806	744	188	187	1	0
P	samples/ew1.mp4	189	624550	1075	189	188	1	0
P	samples/ew1.mp4	190	625625	4948	190	192	1	0
P	samples/ew1.mp4	191	630573	1017	191	190	1	0
P	samples/ew1.mp4	192	631590	1169	192	191	1	0
P	samples/ew1.mp4	193	632759	5110	193	195	1	0
P	samples/ew1.mp4	194	637869	1004	194	193	1	0
P	samples/ew1.mp4	195	638873	1160	195	194	1	0
P	samples/ew1.mp4	196	640033	4401	196	198	1	0
P	samples/ew1.mp4	197	644434	659	197	196	1	0
P	samples/ew1.mp4	198	645093	1056	198	197	1	0
P	samples/ew1.mp4	199	646149	4664	199	201	1	0
P	samples/ew1.mp4	200	650813	862	200	199	1	0
P	samples/ew1.mp4	201	651675	1015	201	200	1	0
P	samples/ew1.mp4	202	652690	3837	202	204	1	0
P	samples/ew1.mp4	203	656527	688	203	202	1	0
P	samples/ew1.mp4	204	657215	596	204	203	1	0
P	samples/ew1.mp4	205	657811	4456	205	207	1	0
P	samples/ew1.mp4	206	662267	825	206	205	1	0
P	samples/ew1.mp4	207	663092	1039	207	206	1	0
P	samples/ew1.mp4	208	664131	6130	208	210	1	0
P	samples/ew1.mp4	209	670261	887	209	208	1	0
P	samples/ew1.mp4	210	671148	1300	210	209	1	0
P	samples/ew1.mp4	211	672448	4872	211	213	1	0
P	samples/ew1.mp4	212	677320	896	212	211	1	0
P	samples/ew1.mp4	213	678216	1031	213	212	1	0
P	samples/ew1.mp4	214	679247	6688	214	216	1	0
P	samples/ew1.mp4	215	685935	743	215	214	1	0
P	samples/ew1.mp4	216	686678	1003	216	215	1	0
P	samples/ew1.mp4	217	687681	5583	217	219	1	0
P	samples/ew1.mp4	218	693264	532	218	217	1	0
P	samples/ew1.mp4	219	693796	761	219	218	1	0
P	samples/ew1.mp4	220	694557	6142	220	222	1	0
P	samples/ew1.mp4	221	700699	844	221	220	1	0
P	samples/ew1.mp4	222	701543	1011	222	221	1	0
P	samples/ew1.mp4	223	702554	4512	223	225	1	0
P	samples/ew1.mp4	224	707066	445	224	223	1	0
P	samples/ew1.mp4	225	707511	930	225	224	1	0
P	samples/ew1.mp4	226	708441	3807	226	228	1	0
P	samples/ew1.mp4	227	712248	673	227	226	1	0
P	samples/ew1.mp4	228	712921	797	228	227	1	0
P	samples/ew1.mp4	229	713718	3927	229	231	1	0
P	samples/ew1.mp4	230	717645	622	230	229	1	0
P	samples/ew1.mp4	231	718267	802	231	230	1	0
P	samples/ew1.mp4	232	719069	4163	232	234	1	0
P	samples/ew1.mp4	233	723232	378	233	232	1	0
P	samples/ew1.mp4	234	723610	432	234	233	1	0
P	samples/ew1.mp4	235	724042	5506	235	237	1	0
P	samples/ew1.mp4	236	729548	753	236	235	1	0
P	samples/ew1.mp4	237	730301	965	237	236	1	0
P	samples/ew1.mp4	238	731266	5544	238	240	1	0
P	samples/ew1.mp4	239	736810	758	239	238	1	0
P	samples/ew1.mp4	240	737568	1034	240	239	1	0
P	samples/ew1.mp4	241	738602	3828	241	243	1	0
P	samples/ew1.mp4	242	742430	626	242	241	1	0
P	samples/ew1.mp4	243	743056	789	243	242	1	0
P	samples/ew1.mp4	244	743845	3923	244	246	1	0
P	samples/ew1.mp4	245	747768	608	245	244	1	0
P	samples/ew1.mp4	246	748376	809	246	245	1	0
P	samples/ew1.mp4	247	749185	5097	247	249	1	0
P	samples/ew1.mp4	248	754282	661	248	247	1	0
P	samples/ew1.mp4	249	754943	956	249	248	1	0
P	samples/ew1.mp4	250	858575	116011	250	250	1	1
P	samples/ew1.mp4	251	974586	7057	251	253	1	0
P	samples/ew1.mp4	252	981643	935	252	251	1	0
P	samples/ew1.mp4	253	982578	1276	253	252	1	0
P	samples/ew1.mp4	254	983854	4384	254	256	1	0
P	samples/ew1.mp4	255	988238	825	255	254	1	0
P	samples/ew1.mp4	256	989063	680	256	255	1	0
P	samples/ew1.mp4	257	989743	3749	257	259	1	0
P	samples/ew1.mp4	258	993492	472	258	257	1	0
P	samples/ew1.mp4	259	993964	926	259	258	1	0
P	samples/ew1.mp4	260	994890	4968	260	262	1	0
P	samples/ew1.mp4	261	999858	877	261	260	1	0
P	samples/ew1.mp4	262	1000735	1134	262	261	1	0
P	samples/ew1.mp4	263	1001869	7617	263	265	1	0
P	samples/ew1.mp4	264	1009486	982	264	263	1	0
P	samples/ew1.mp4	265	1010468	1438	265	264	1	0
P	samples/ew1.mp4	266	1011906	4778	266	268	1	0
P	samples/ew1.mp4	267	1016684	674	267	266	1	0
P	samples/ew1.mp4	268	1017358	621	268	267	1	0
P	samples/ew1.mp4	269	1017979	4361	269	271	1	0
P	samples/ew1.mp4	270	1022340	660	270	269	1	0
P	samples/ew1.mp4	271	1023000	1249	271	270	1	0
P	samples/ew1.mp4	272	1024249	3861	272	274	1	0
P	samples/ew1.mp4	273	1028110	832	273	272	1	0
P	samples/ew1.mp4	274	1028942	698	274	273	1	0
P	samples/ew1.mp4	275	1029640	5908	275	277	1	0
P	samples/ew1.mp4	276	1035548	880	276	275	1	0
P	samples/ew1.mp4	277	1036428	1203	277	276	1	0
P	samples/ew1.mp4	278	1037631	6376	278	280	1	0
P	samples/ew1.mp4	279	1044007	843	279	278	1	0
P	samples/ew1.mp4	280	1044850	927	280	279	1	0
P	samples/ew1.mp4	281	1045777	4639	281	283	1	0
P	samples/ew1.mp4	282	1050416	508	282	281	1	0
P	samples/ew1.mp4	283	1050924	856	283	282	1	0
P	samples/ew1.mp4	284	1051780	3832	284	286	1	0
P	samples/ew1.mp4	285	1055612	546	285	284	1	0
P	samples/ew1.mp4	286	1056158	985	286	285	1	0
P	samples/ew1.mp4	287	1057143	4199	287	289	1	0
P	samples/ew1.mp4	288	1061342	699	288	287	1	0
P	samples/ew1.mp4	289	1062041	965	289	288	1	0
P	samples/ew1.mp4	290	1063006	5401	290	292	1	0
P	samples/ew1.mp4	291	1068407	844	291	290	1	0
P	samples/ew1.mp4	292	1069251	1209	292	291	1	0
P	samples/ew1.mp4	293	1070460	5236	293	295	1	0
P	samples/ew1.mp4	294	1075696	1018	294	293	1	0
P	samples/ew1.mp4	295	1076714	1175	295	294	1	0
P	samples/ew1.mp4	296	1077889	4458	296	298	1	0
P	samples/ew1.mp4	297	1082347	617	297	296	1	0
P	samples/ew1.mp4	298	1082964	778	298	297	1	0
P	samples/ew1.mp4	299	1083742	5089	299	301	1	0
P	samples/ew1.mp4	300	1088831	896	300	299	1	0
P	samples/ew1.mp4	301	1089727	1068	301	300	1	0
P	samples/ew1.mp4	302	1090795	5016	302	304	1	0
P	samples/ew1.mp4	303	1095811	953	303	302	1	0
P	samples/ew1.mp4	304	1096764	1158	304	303	1	0
P	samples/ew1.mp4	305	1097922	3740	305	307	1	0
P	samples/ew1.mp4	306	1101662	746	306	305	1	0
P	samples/ew1.mp4	307	1102408	845	307	306	1	0
P	samples/ew1.mp4	308	1103253	4206	308	310	1	0
P	samples/ew1.mp4	309	1107459	743	309	308	1	0
P	samples/ew1.mp4	310	1108202	1006	310	309	1	0
P	samples/ew1.mp4	311	1109208	6302	311	313	1	0
P	samples/ew1.mp4	312	1115510	1166	312	311	1	0
P	samples/ew1.mp4	313	1116676	1363	313	312	1	0
P	samples/ew1.mp4	314	1118039	4843	314	316	1	0
P	samples/ew1.mp4	315	1122882	812	315	314	1	0
P	samples/ew1.mp4	316	1123694	1050	316	315	1	0
P	samples/ew1.mp4	317	1124744	4671	317	319	1	0
P	samples/ew1.mp4	318	1129415	823	318	317	1	0
P	samples/ew1.mp4	319	1130238	1046	319	318	1	0
P	samples/ew1.mp4	320	1131284	5151	320	322	1	0
P	samples/ew1.mp4	321	1136435	928	321	320	1	0
P	samples/ew1.mp4	322	1137363	1073	322	321	1	0
P	samples/ew1.mp4	323	1138436	4136	323	325	1	0
P	samples/ew1.mp4	324	1142572	845	324	323	1	0
P	samples/ew1.mp4	325	1143417	749	325	324	1	0
P	samples/ew1.mp4	326	1144166	4991	326	328	1	0
P	samples/ew1.mp4	327	1149157	921	327	326	1	0
P	samples/ew1.mp4	328	1150078	1231	328	327	1	0
P	samples/ew1.mp4	329	1151309	3812	329	331	1	0
P	samples/ew1.mp4	330	1155121	616	330	329	1	0
P	samples/ew1.mp4	331	1155737	797	331	330	1	0
P	samples/ew1.mp4	332	1156534	3434	332	334	1	0
P	samples/ew1.mp4	333	1159968	903	333	332	1	0
P	samples/ew1.mp4	334	1160871	1095	334	333	1	0
P	samples/ew1.mp4	335	1161966	17671	335	337	1	0
P	samples/ew1.mp4	336	1179637	3438	336	335	1	0
P	samples/ew1.mp4	337	1183075	9270	337	336	1	0
P	samples/ew1.mp4	338	1192345	30805	338	340	1	0
P	samples/ew1.mp4	339	1223150	14785	339	338	1	0
P	samples/ew1.mp4	340	1237935	13318	340	339	1	0
P	samples/ew1.mp4	341	1251253	34856	341	343	1	0
P	samples/ew1.mp4	342	1286109	15347	342	341	1	0
P	samples/ew1.mp4	343	1301456	15574	343	342	1	0
P	samples/ew1.mp4	344	1317030	36687	344	346	1	0
P	samples/ew1.mp4	345	1353717	14598	345	344	1	0
P	samples/ew1.mp4	346	1368315	14470	346	345	1	0
P	samples/ew1.mp4	347	1382785	34148	347	349	1	0
P	samples/ew1.mp4	348	1416933	17262	348	347	1	0
P	samples/ew1.mp4	349	1434195	16515	349	348	1	0
P	samples/ew1.mp4	350	1450710	27046	350	352	1	0
P	samples/ew1.mp4	351	1477756	14727	351	350	1	0
P	samples/ew1.mp4	352	1492483	14856	352	351	1	0
P	samples/ew1.mp4	353	1507339	33877	353	355	1	0
P	samples/ew1.mp4	354	1541216	16928	354	353	1	0
P	samples/ew1.mp4	355	1558144	16860	355	354	1	0
P	samples/ew1.mp4	356	1575004	34594	356	358	1	0
P	samples/ew1.mp4	357	1609598	17398	357	356	1	0
P	samples/ew1.mp4	358	1626996	16399	358	357	1	0
P	samples/ew1.mp4	359	1643395	39354	359	361	1	0
P	samples/ew1.mp4	360	1682749	15804	360	359	1	0
P	samples/ew1.mp4	361	1698553	12622	361	360	1	0
P	samples/ew1.mp4	362	1711175	16565	362	364	1	0
P	samples/ew1.mp4	363	1727740	2826	363	362	1	0
P	samples/ew1.mp4	364	1730566	3304	364	363	1	0
P	samples/ew1.mp4	365	1733870	13477	365	367	1	0
P	samples/ew1.mp4	366	1747347	2262	366	365	1	0
P	samples/ew1.mp4	367	1749609	3128	367	366	1	0
P	samples/ew1.mp4	368	1752737	11436	368	370	1	0
P	samples/ew1.mp4	369	1764173	2036	369	368	1	0
P	samples/ew1.mp4	370	1766209	2699	370	369	1	0
P	samples/ew1.mp4	371	1768908	8584	371	373	1	0
P	samples/ew1.mp4	372	1777492	2010	372	371	1	0
P	samples/ew1.mp4	373	1779502	2342	373	372	1	0
P	samples/ew1.mp4	374	1781844	18658	374	376	1	0
P	samples/ew1.mp4	375	1800502	4196	375	374	1	0
P	samples/ew1.mp4	376	1804698	9200	376	375	1	0
P	samples/ew1.mp4	377	1813898	31062	377	379	1	0
P	samples/ew1.mp4	378	1844960	18850	378	377	1	0
P	samples/ew1.mp4	379	1863810	1254	379	378	1	0
P	samples/ew1.mp4	380	1865064	38249	380	382	1	0
P	samples/ew1.mp4	381	1903313	19373	381	380	1	0
P	samples/ew1.mp4	382	1922686	21324	382	381	1	0
P	samples/ew1.mp4	383	1944010	38856	383	385	1	0
P	samples/ew1.mp4	384	1982866	20496	384	383	1	0
P	samples/ew1.mp4	385	2003362	22101	385	384	1	0
P	samples/ew1.mp4	386	2025463	32364	386	388	1	0
P	samples/ew1.mp4	387	2057827	18955	387	386	1	0
P	samples/ew1.mp4	388	2076782	18777	388	387	1	0
P	samples/ew1.mp4	389	2095559	39131	389	391	1	0
P	samples/ew1.mp4	390	2134690	20363	390	389	1	0
P	samples/ew1.mp4	391	2155053	16027	391	390	1	0
P	samples/ew1.mp4	392	2171080	30139	392	394	1	0
P	samples/ew1.mp4	393	2201219	13155	393	392	1	0
P	samples/ew1.mp4	394	2214374	13235	394	393	1	0
P	samples/ew1.mp4	395	2227609	28019	395	397	1	0
P	samples/ew1.mp4	396	2255628	6564	396	395	1	0
P	samples/ew1.mp4	397	2262192	6785	397	396	1	0
P	samples/ew1.mp4	398	2268977	15344	398	400	1	0
P	samples/ew1.mp4	399	2284321	2443	399	398	1	0
P	samples/ew1.mp4	400	2286764	3106	400	399	1	0
P	samples/ew1.mp4	401	2289870	12051	401	403	1	0
P	samples/ew1.mp4	402	2301921	1841	402	401	1	0
P	samples/ew1.mp4	403	2303762	2424	403	402	1	0
P	samples/ew1.mp4	404	2306186	8272	404	406	1	0
P	samples/ew1.mp4	405	2314458	1659	405	404	1	0
P	samples/ew1.mp4	406	2316117	2083	406	405	1	0
P	samples/ew1.mp4	407	2318200	23862	407	409	1	0
P	samples/ew1.mp4	408	2342062	6243	408	407	1	0
P	samples/ew1.mp4	409	2348305	11279	409	408	1	0
P	samples/ew1.mp4	410	2359584	34208	410	412	1	0
P	samples/ew1.mp4	411	2393792	17062	411	410	1	0
P	samples/ew1.mp4	412	2410854	16316	412	411	1	0
P	samples/ew1.mp4	413	2427170	28520	413	415	1	0
P	samples/ew1.mp4	414	2455690	1975	414	413	1	0
P	samples/ew1.mp4	415	2457665	12479	415	414	1	0
P	samples/ew1.mp4	416	2470144	34877	416	418	1	0
P	samples/ew1.mp4	417	2505021	17145	417	416	1	0
P	samples/ew1.mp4	418	2522166	14964	418	417	1	0
P	samples/ew1.mp4	419	2537130	35137	419	421	1	0
P	samples/ew1.mp4	420	2572267	14441	420	419	1	0
P	samples/ew1.mp4	421	2586708	10120	421	420	1	0
P	samples/ew1.mp4	422	2596828	15666	422	424	1	0
P	samples/ew1.mp4	423	2612494	2245	423	422	1	0
P	samples/ew1.mp4	424	2614739	3065	424	423	1	0
P	samples/ew1.mp4	425	2617804	14416	425	427	1	0
P	samples/ew1.mp4	426	2632220	2564	426	425	1	0
P	samples/ew1.mp4	427	2634784	2944	427	426	1	0
P	samples/ew1.mp4	428	2637728	14108	428	430	1	0
P	samples/ew1.mp4	429	2651836	1880	429	428	1	0
P	samples/ew1.mp4	430	2653716	2643	430	429	1	0
P	samples/ew1.mp4	431	2656359	10867	431	433	1	0
P	samples/ew1.mp4	432	2667226	1527	432	431	1	0
P	samples/ew1.mp4	433	2668753	2022	433	432	1	0
P	samples/ew1.mp4	434	2670775	9079	434	436	1	0
P	samples/ew1.mp4	435	2679854	1512	435	434	1	0
P	samples/ew1.mp4	436	2681366	1890	436	435	1	0
P	samples/ew1.mp4	437	2683256	9556	437	439	1	0
P	samples/ew1.mp4	438	2692812	1400	438	437	1	0
P	samples/ew1.mp4	439	2694212	1813	439	438	1	0
P	samples/ew1.mp4	440	2696025	9621	440	442	1	0
P	samples/ew1.mp4	441	2705646	1291	441	440	1	0
P	samples/ew1.mp4	442	2706937	1485	442	441	1	0
P	samples/ew1.mp4	443	2708422	8050	443	445	1	0
P	samples/ew1.mp4	444	2716472	1301	444	443	1	0
P	samples/ew1.mp4	445	2717773	1816	445	444	1	0
P	samples/ew1.mp4	446	2719589	8028	446	448	1	0
P	samples/ew1.mp4	447	2727617	1804	447	446	1	0
P	samples/ew1.mp4	448	2729421	1804	448	447	1	0
P	samples/ew1.mp4	449	2731225	6404	449	451	1	0
P	samples/ew1.mp4	450	2737629	1593	450	449	1	0
P	samples/ew1.mp4	451	2739222	1769	451	450	1	0
P	samples/ew1.mp4	452	2740991	3597	452	454	1	0
P	samples/ew1.mp4	453	2744588	1081	453	452	1	0
P	samples/ew1.mp4	454	2745669	881	454	453	1	0
P	samples/ew1.mp4	455	2746550	32450	455	457	1	0
P	samples/ew1.mp4	456	2779000	9790	456	455	1	0
P	samples/ew1.mp4	457	2788790	15024	457	456	1	0
P	samples/ew1.mp4	458	2803814	29647	458	460	1	0
P	samples/ew1.mp4	459	2833461	18840	459	458	1	0
P	samples/ew1.mp4	460	2852301	1395	460	459	1	0
P	samples/ew1.mp4	461	2853696	33818	461	463	1	0
P	samples/ew1.mp4	462	2887514	20102	462	461	1	0
P	samples/ew1.mp4	463	2907616	1528	463	462	1	0
P	samples/ew1.mp4	464	2909144	26927	464	466	1	0
P	samples/ew1.mp4	465	2936071	16528	465	464	1	0
P	samples/ew1.mp4	466	2952599	1937	466	465	1	0
P	samples/ew1.mp4	467	2954536	26185	467	469	1	0
P	samples/ew1.mp4	468	2980721	13103	468	467	1	0
P	samples/ew1.mp4	469	2993824	2510	469	468	1	0
P	samples/ew1.mp4	470	2996334	24925	470	472	1	0
P	samples/ew1.mp4	471	3021259	12202	471	470	1	0
P	samples/ew1.mp4	472	3033461	2346	472	471	1	0
P	samples/ew1.mp4	473	3035807	26409	473	475	1	0
P	samples/ew1.mp4	474	3062216	13938	474	473	1	0
P	samples/ew1.mp4	475	3076154	13938	475	474	1	0
P	samples/ew1.mp4	476	3090092	24054	476	478	1	0
P	samples/ew1.mp4	477	3114146	10297	477	476	1	0
S	samples/grace1.mp4	659	000000106764042aace501e0089f9601e1108b2c0000000468ee3c80
P	samples/grace1.mp4	0	4421	62410	0	0	1	1
P	samples/grace1.mp4	1	66831	19166	1	3	1	0
P	samples/grace1.mp4	2	85997	8347	2	1	1	0
P	samples/grace1.mp4	3	94344	1475	3	2	1	0
P	samples/grace1.mp4	4	95819	23634	4	6	1	0
P	samples/grace1.mp4	5	119453	11974	5	4	1	0
P	samples/grace1.mp4	6	131427	11399	6	5	1	0
P	samples/grace1.mp4	7	142826	25230	7	9	1	0
P	samples/grace1.mp4	8	168056	11817	8	7	1	0
P	samples/grace1.mp4	9	179873	12265	9	8	1	0
P	samples/grace1.mp4	10	192138	23146	10	12	1	0
P	samples/grace1.mp4	11	215284	11262	11	10	1	0
P	samples/grace1.mp4	12	226546	10832	12	11	1	0
P	samples/grace1.mp4	13	237378	25412	13	15	1	0
P	samples/grace1.mp4	14	262790	11372	14	13	1	0
P	samples/grace1.mp4	15	274162	11282	15	14	1	0
P	samples/grace1.mp4	16	285444	24817	16	18	1	0
P	samples/grace1.mp4	17	310261	11480	17	16	1	0
P	samples/grace1.mp4	18	321741	10911	18	17	1	0
P	samples/grace1.mp4	19	332652	24921	19	21	1	0
P	samples/grace1.mp4	20	357573	11449	20	19	1	0
P	samples/grace1.mp4	21	369022	10959	21	20	1	0
P	samples/grace1.mp4	22	379981	27556	22	24	1	0
P	samples/grace1.mp4	23	407537	11797	23	22	1	0
P	samples/grace1.mp4	24	419334	12275	24	23	1	0
P	samples/grace1.mp4	25	431609	24616	25	27	1	0
P	samples/grace1.mp4	26	456225	11893	26	25	1	0
P	samples/grace1.mp4	27	468118	10937	27	26	1	0
P	samples/grace1.mp4	28	479055	26194	28	30	1	0
P	samples/grace1.mp4	29	505249	11637	29	28	1	0
P	samples/grace1.mp4	30	516886	12986	30	29	1	0
P	samples/grace1.mp4	31	529872	26760	31	33	1	0
P	samples/grace1.mp4	32	556632	12788	32	31	1	0
P	samples/grace1.mp4	33	569420	11761	33	32	1	0
P	samples/grace1.mp4	34	581181	27434	34	36	1	0
P	samples/grace1.mp4	35	608615	12240	35	34	1	0
P	samples/grace1.mp4	36	620855	13293	36	35	1	0
P	samples/grace1.mp4	37	634148	26912	37	39	1	0
P	samples/grace1.mp4	38	661060	12069	38	37	1	0
P	samples/grace1.mp4	39	673129	13376	39	38	1	0
P	samples/grace1.mp4	40	686505	24872	40	42	1	0
P	samples/grace1.mp4	41	711377	5063	41	40	1	0
P	samples/grace1.mp4	42	716440	10609	42	41	1	0
P	samples/grace1.mp4	43	727049	26954	43	45	1	0
P	samples/grace1.mp4	44	754003	12771	44	43	1	0
P	samples/grace1.mp4	45	766774	14252	45	44	1	0
P	samples/grace1.mp4	46	781026	26883	46	48	1	0
P	samples/grace1.mp4	47	807909	12801	47	46	1	0
P	samples/grace1.mp4	48	820710	11592	48	47	1	0
P	samples/grace1.mp4	49	832302	26607	49	51	1	0
P	samples/grace1.mp4	50	858909	12574	50	49	1	0
P	samples/grace1.mp4	51	871483	11695	51	50	1	0
P	samples/grace1.mp4	52	883178	26131	52	54	1	0
P	samples/grace1.mp4	53	909309	12037	53	52	1	0
P	samples/grace1.mp4	54	921346	11223	54	53	1	0
P	samples/grace1.mp4	55	932569	27113	55	57	1	0
P	samples/grace1.mp4	56	959682	11493	56	55	1	0
P	samples/grace1.mp4	57	971175	11995	57	56	1	0
P	samples/grace1.mp4	58	983170	24113	58	60	1	0
P	samples/grace1.mp4	59	1007283	11304	59	58	1	0
P	samples/grace1.mp4	60	1018587	10604	60	59	1	0
P	samples/grace1.mp4	61	1029191	25639	61	63	1	0
P	samples/grace1.mp4	62	1054830	11544	62	61	1	0
P	samples/grace1.mp4	63	1066374	10669	63	62	1	0
P	samples/grace1.mp4	64	1077043	24514	64	66	1	0
P	samples/grace1.mp4	65	1101557	11199	65	64	1	0
P	samples/grace1.mp4	66	1112756	10448	66	65	1	0
P	samples/grace1.mp4	67	1123204	32486	67	69	1	0
P	samples/grace1.mp4	68	1155690	11648	68	67	1	0
P	samples/grace1.mp4	69	1167338	11759	69	68	1	0
P	samples/grace1.mp4	70	1179097	32895	70	72	1	0
P	samples/grace1.mp4	71	1211992	14852	71	70	1	0
P	samples/grace1.mp4	72	1226844	14279	72	71	1	0
P	samples/grace1.mp4	73	1241123	27232	73	75	1	0
P	samples/grace1.mp4	74	1268355	12623	74	73	1	0
P	samples/grace1.mp4	75	1280978	13732	75	74	1	0
P	samples/grace1.mp4	76	1294710	26337	76	78	1	0
P	samples/grace1.mp4	77	1321047	12156	77	76	1	0
P	samples/grace1.mp4	78	1333203	11080	78	77	1	0
P	samples/grace1.mp4	79	1344283	25549	79	81	1	0
P	samples/grace1.mp4	80	1369832	11635	80	79	1	0
P	samples/grace1.mp4	81	1381467	10693	81	80	1	0
P	samples/grace1.mp4	82	1392160	26006	82	84	1	0
P	samples/grace1.mp4	83	1418166	11112	83	82	1	0
P	samples/grace1.mp4	84	1429278	10502	84	83	1	0
P	samples/grace1.mp4	85	1439780	25201	85	87	1	0
P	samples/grace1.mp4	86	1464981	10622	86	85	1	0
P	samples/grace1.mp4	87	1475603	10200	87	86	1	0
P	samples/grace1.mp4	88	1485803	25532	88	90	1	0
P	samples/grace1.mp4	89	1511335	8784	89	88	1	0
P	samples/grace1.mp4	90	1520119	9868	90	89	1	0
P	samples/grace1.mp4	91	1529987	19438	91	93	1	0
P	samples/grace1.mp4	92	1549425	7450	92	91	1	0
P	samples/grace1.mp4	93	1556875	1832	93	92	1	0
P	samples/grace1.mp4	94	1558707	23947	94	96	1	0
P	samples/grace1.mp4	95	1582654	10473	95	94	1	0
P	samples/grace1.mp4	96	1593127	10459	96	95	1	0
P	samples/grace1.mp4	97	1603586	22470	97	99	1	0
P	samples/grace1.mp4	98	1626056	9994	98	97	1	0
P	samples/grace1.mp4	99	1636050	9765	99	98	1	0
P	samples/grace1.mp4	100	1645815	23224	100	102	1	0
P	samples/grace1.mp4	101	1669039	9485	101	100	1	0
P	samples/grace1.mp4	102	1678524	9194	102	101	1	0
P	samples/grace1.mp4	103	1687718	24286	103	105	1	0
P	samples/grace1.mp4	104	1712004	9887	104	103	1	0
P	samples/grace1.mp4	105	1721891	9385	105	104	1	0
P	samples/grace1.mp4	106	1731276	22766	106	108	1	0
P	samples/grace1.mp4	107	1754042	9121	107	106	1	0
P	samples/grace1.mp4	108	1763163	10953	108	107	1	0
P	samples/grace1.mp4	109	1774116	24336	109	111	1	0
P	samples/grace1.mp4	110	1798452	10129	110	109	1	0
P	samples/grace1.mp4	111	1808581	9871	111	110	1	0
P	samples/grace1.mp4	112	1818452	22191	112	114	1	0
P	samples/grace1.mp4	113	1840643	9320	113	112	1	0
P	samples/grace1.mp4	114	1849963	11332	114	113	1	0
P	samples/grace1.mp4	115	1861295	21189	115	117	1	0
P	samples/grace1.mp4	116	1882484	9187	116	115	1	0
P	samples/grace1.mp4	117	1891671	11285	117	116	1	0
P	samples/grace1.mp4	118	1902956	20231	118	120	1	0
P	samples/grace1.mp4	119	1923187	9804	119	118	1	0
P	samples/grace1.mp4	120	1932991	11037	120	119	1	0
P	samples/grace1.mp4	121	1944028	19017	121	123	1	0
P	samples/grace1.mp4	122	1963045	9441	122	121	1	0
P	samples/grace1.mp4	123	1972486	9527	123	122	1	0
P	samples/grace1.mp4	124	1982013	17780	124	126	1	0
P	samples/grace1.mp4	125	1999793	7587	125	124	1	0
P	samples/grace1.mp4	126	2007380	2640	126	125	1	0
P	samples/grace1.mp4	127	2010020	20031	127	129	1	0
P	samples/grace1.mp4	128	2030051	10174	128	127	1	0
P	samples/grace1.mp4	129	2040225	9357	129	128	1	0
P	samples/grace1.mp4	130	2049582	18629	130	132	1	0
P	samples/grace1.mp4	131	2068211	8594	131	130	1	0
P	samples/grace1.mp4	132	2076805	8407	132	131	1	0
P	samples/grace1.mp4	133	2085212	18906	133	135	1	0
P	samples/grace1.mp4	134	2104118	8242	134	133	1	0
P	samples/grace1.mp4	135	2112360	8811	135	134	1	0
P	samples/grace1.mp4	136	2121171	18458	136	138	1	0
P	samples/grace1.mp4	137	2139629	8586	137	136	1	0
P	samples/grace1.mp4	138	2148215	8786	138	137	1	0
P	samples/grace1.mp4	139	2157001	18349	139	141	1	0
P	samples/grace1.mp4	140	2175350	8380	140	139	1	0
P	samples/grace1.mp4	141	2183730	8458	141	140	1	0
P	samples/grace1.mp4	142	2192188	17506	142	144	1	0
P	samples/grace1.mp4	143	2209694	2522	143	142	1	0
P	samples/grace1.mp4	144	2212216	6894	144	143	1	0
P	samples/grace1.mp4	145	2219110	17568	145	147	1	0
P	samples/grace1.mp4	146	2236678	8164	146	145	1	0
P	samples/grace1.mp4	147	2244842	8392	147	146	1	0
P	samples/grace1.mp4	148	2253234	17945	148	150	1	0
P	samples/grace1.mp4	149	2271179	8114	149	148	1	0
P	samples/grace1.mp4	150	2279293	8258	150	149	1	0
P	samples/grace1.mp4	151	2287551	18613	151	153	1	0
P	samples/grace1.mp4	152	2306164	8671	152	151	1	0
P	samples/grace1.mp4	153	2314835	8639	153	152	1	0
P	samples/grace1.mp4	154	2323474	17255	154	156	1	0
P	samples/grace1.mp4	155	2340729	8195	155	154	1	0
P	samples/grace1.mp4	156	2348924	8205	156	155	1	0
P	samples/grace1.mp4	157	2357129	17372	157	159	1	0
P	samples/grace1.mp4	158	2374501	7842	158	157	1	0
P	samples/grace1.mp4	159	2382343	7859	159	158	1	0
P	samples/grace1.mp4	160	2390202	16858	160	162	1	0
P	samples/grace1.mp4	161	2407060	7615	161	160	1	0
P	samples/grace1.mp4	162	2414675	7614	162	161	1	0
P	samples/grace1.mp4	163	2422289	16444	163	165	1	0
P	samples/grace1.mp4	164	2438733	7203	164	163	1	0
P	samples/grace1.mp4	165	2445936	7200	165	164	1	0
P	samples/grace1.mp4	166	2453136	18044	166	168	1	0
P	samples/grace1.mp4	167	2471180	8055	167	166	1	0
P	samples/grace1.mp4	168	2479235	7974	168	167	1	0
P	samples/grace1.mp4	169	2487209	17095	169	171	1	0
P	samples/grace1.mp4	170	2504304	8083	170	169	1	0
P	samples/grace1.mp4	171	2512387	7257	171	170	1	0
P	samples/grace1.mp4	172	2519644	16781	172	174	1	0
P	samples/grace1.mp4	173	2536425	7420	173	172	1	0
P	samples/grace1.mp4	174	2543845	7674	174	173	1	0
P	samples/grace1.mp4	175	2551519	17214	175	177	1	0
P	samples/grace1.mp4	176	2568733	7442	176	175	1	0
P	samples/grace1.mp4	177	2576175	7498	177	176	1	0
P	samples/grace1.mp4	178	2583673	16951	178	180	1	0
P	samples/grace1.mp4	179	2600624	7084	179	178	1	0
P	samples/grace1.mp4	180	2607708	7051	180	179	1	0
P	samples/grace1.mp4	181	2614759	16862	181	183	1	0
P	samples/grace1.mp4	182	2631621	7246	182	181	1	0
P	samples/grace1.mp4	183	2638867	7683	183	182	1	0
P	samples/grace1.mp4	184	2646550	18122	184	186	1	0
P	samples/grace1.mp4	185	2664672	7292	185	184	1	0
P	samples/grace1.mp4	186	2671964	8147	186	185	1	0
P	samples/grace1.mp4	187	2680111	16920	187	189	1	0
P	samples/grace1.mp4	188	2697031	8171	188	187	1	0
P	samples/grace1.mp4	189	2705202	9642	189	188	1	0
P	samples/grace1.mp4	190	2714844	17855	190	192	1	0
P	samples/grace1.mp4	191	2732699	9263	191	190	1	0
P	samples/grace1.mp4	192	2741962	8666	192	191	1	0
P	samples/grace1.mp4	193	2750628	16325	193	195	1	0
P	samples/grace1.mp4	194	2766953	6654	194	193	1	0
P	samples/grace1.mp4	195	2773607	2431	195	194	1	0
P	samples/grace1.mp4	196	2776038	16720	196	198	1	0
P	samples/grace1.mp4	197	2792758	8037	197	196	1	0
P	samples/grace1.mp4	198	2800795	9020	198	197	1	0
P	samples/grace1.mp4	199	2809815	16603	199	201	1	0
P	samples/grace1.mp4	200	2826418	8477	200	199	1	0
P	samples/grace1.mp4	201	2834895	8205	201	200	1	0
P	samples/grace1.mp4	202	2843100	16127	202	204	1	0
P	samples/grace1.mp4	203	2859227	2507	203	202	1	0
P	samples/grace1.mp4	204	2861734	7339	204	203	1	0
P	samples/grace1.mp4	205	2869073	17234	205	207	1	0
P	samples/grace1.mp4	206	2886307	8929	206	205	1	0
P	samples/grace1.mp4	207	2895236	8811	207	206	1	0
P	samples/grace1.mp4	208	2904047	16007	208	210	1	0
P	samples/grace1.mp4	209	2920054	8271	209	208	1	0
P	samples/grace1.mp4	210	2928325	8297	210	209	1	0
P	samples/grace1.mp4	211	2936622	17292	211	213	1	0
P	samples/grace1.mp4	212	2953914	8529	212	211	1	0
P	samples/grace1.mp4	213	2962443	8436	213	212	1	0
P	samples/grace1.mp4	214	2970879	16051	214	216	1	0
P	samples/grace1.mp4	215	2986930	8498	215	214	1	0
P	samples/grace1.mp4	216	2995428	8754	216	215	1	0
P	samples/grace1.mp4	217	3004182	16466	217	219	1	0
P	samples/grace1.mp4	218	3020648	8014	218	217	1	0
P	samples/grace1.mp4	219	3028662	8261	219	218	1	0
P	samples/grace1.mp4	220	3036923	16805	220	222	1	0
P	samples/grace1.mp4	221	3053728	8245	221	220	1	0
P	samples/grace1.mp4	222	3061973	7821	222	221	1	0
P	samples/grace1.mp4	223	3069794	15837	223	225	1	0
P	samples/grace1.mp4	224	3085631	7796	224	223	1	0
P	samples/grace1.mp4	225	3093427	8008	225	224	1	0
P	samples/grace1.mp4	226	3101435	16835	226	228	1	0
P	samples/grace1.mp4	227	3118270	8347	227	226	1	0
P	samples/grace1.mp4	228	3126617	8241	228	227	1	0
P	samples/grace1.mp4	229	3134858	15925	229	231	1	0
P	samples/grace1.mp4	230	3150783	8704	230	229	1	0
P	samples/grace1.mp4	231	3159487	7641	231	230	1	0
P	samples/grace1.mp4	232	3167128	16374	232	234	1	0
P	samples/grace1.mp4	233	3183502	8060	233	232	1	0
P	samples/grace1.mp4	234	3191562	8999	234	233	1	0
P	samples/grace1.mp4	235	3200561	16462	235	237	1	0
P	samples/grace1.mp4	236	3217023	7936	236	235	1	0
P	samples/grace1.mp4	237	3224959	7836	237	236	1	0
P	samples/grace1.mp4	238	3232795	15463	238	240	1	0
P	samples/grace1.mp4	239	3248258	7634	239	238	1	0
P	samples/grace1.mp4	240	3255892	7716	240	239	1	0
P	samples/grace1.mp4	241	3263608	15442	241	243	1	0
P	samples/grace1.mp4	242	3279050	7430	242	241	1	0
P	samples/grace1.mp4	243	3286480	7415	243	242	1	0
P	samples/grace1.mp4	244	3293895	15656	244	246	1	0
P	samples/grace1.mp4	245	3309551	7486	245	244	1	0
P	samples/grace1.mp4	246	3317037	7645	246	245	1	0
P	samples/grace1.mp4	247	3324682	16311	247	249	1	0
P	samples/grace1.mp4	248	3340993	8011	248	247	1	0
P	samples/grace1.mp4	249	3349004	8212	249	248	1	0
P	samples/grace1.mp4	250	3460044	35447	250	250	1	1
P	samples/grace1.mp4	251	3495491	15916	251	253	1	0
P	samples/grace1.mp4	252	3511407	6901	252	251	1	0
P	samples/grace1.mp4	253	3518308	7172	253	252	1	0
P	samples/grace1.mp4	254	3525480	16355	254	256	1	0
P	samples/grace1.mp4	255	3541835	7048	255	254	1	0
P	samples/grace1.mp4	256	3548883	7278	256	255	1	0
P	samples/grace1.mp4	257	3556161	16031	257	259	1	0
P	samples/grace1.mp4	258	3572192	6644	258	257	1	0
P	samples/grace1.mp4	259	3578836	6909	259	258	1	0
P	samples/grace1.mp4	260	3585745	16757	260	262	1	0
P	samples/grace1.mp4	261	3602502	6676	261	260	1	0
P	samples/grace1.mp4	262	3609178	7090	262	261	1	0
P	samples/grace1.mp4	263	3616268	15071	263	265	1	0
P	samples/grace1.mp4	264	3631339	6589	264	263	1	0
P	samples/grace1.mp4	265	3637928	6510	265	264	1	0
P	samples/grace1.mp4	266	3644438	17878	266	268	1	0
P	samples/grace1.mp4	267	3662316	7911	267	266	1	0
P	samples/grace1.mp4	268	3670227	7399	268	267	1	0
P	samples/grace1.mp4	269	3677626	18141	269	271	1	0
P	samples/grace1.mp4	270	3695767	7613	270	269	1	0
P	samples/grace1.mp4	271	3703380	7929	271	270	1	0
P	samples/grace1.mp4	272	3711309	17160	272	274	1	0
P	samples/grace1.mp4	273	3728469	7914	273	272	1	0
P	samples/grace1.mp4	274	3736383	7552	274	273	1	0
P	samples/grace1.mp4	275	3743935	17246	275	277	1	0
P	samples/grace1.mp4	276	3761181	7858	276	275	1	0
P	samples/grace1.mp4	277	3769039	7903	277	276	1	0
P	samples/grace1.mp4	278	3776942	17970	278	280	1	0
P	samples/grace1.mp4	279	3794912	7975	279	278	1	0
P	samples/grace1.mp4	280	3802887	8986	280	279	1	0
P	samples/grace1.mp4	281	3811873	17955	281	283	1	0
P	samples/grace1.mp4	282	3829828	8860	282	281	1	0
P	samples/grace1.mp4	283	3838688	7867	283	282	1	0
P	samples/grace1.mp4	284	3846555	18224	284	286	1	0
P	samples/grace1.mp4	285	3864779	7999	285	284	1	0
P	samples/grace1.mp4	286	3872778	9320	286	285	1	0
P	samples/grace1.mp4	287	3882098	20243	287	289	1	0
P	samples/grace1.mp4	288	3902341	9077	288	287	1	0
P	samples/grace1.mp4	289	3911418	8437	289	288	1	0
P	samples/grace1.mp4	290	3919855	19101	290	292	1	0
P	samples/grace1.mp4	291	3938956	10168	291	290	1	0
P	samples/grace1.mp4	292	3949124	10922	292	291	1	0
P	samples/grace1.mp4	293	3960046	21080	293	295	1	0
P	samples/grace1.mp4	294	3981126	13275	294	293	1	0
P	samples/grace1.mp4	295	3994401	13032	295	294	1	0
P	samples/grace1.mp4	296	4007433	19494	296	298	1	0
P	samples/grace1.mp4	297	4026927	7981	297	296	1	0
P	samples/grace1.mp4	298	4034908	916	298	297	1	0
P	samples/grace1.mp4	299	4035824	18372	299	301	1	0
P	samples/grace1.mp4	300	4054196	9985	300	299	1	0
P	samples/grace1.mp4	301	4064181	12144	301	300	1	0
P	samples/grace1.mp4	302	4076325	17157	302	304	1	0
P	samples/grace1.mp4	303	4093482	9544	303	302	1	0
P	samples/grace1.mp4	304	4103026	8538	304	303	1	0
P	samples/grace1.mp4	305	4111564	14764	305	307	1	0
P	samples/grace1.mp4	306	4126328	6795	306	305	1	0
P	samples/grace1.mp4	307	4133123	8735	307	306	1	0
P	samples/grace1.mp4	308	4141858	14638	308	310	1	0
P	samples/grace1.mp4	309	4156496	5888	309	308	1	0
P	samples/grace1.mp4	310	4162384	5115	310	309	1	0
P	samples/grace1.mp4	311	4167499	12501	311	313	1	0
P	samples/grace1.mp4	312	4180000	1971	312	311	1	0
P	samples/grace1.mp4	313	4181971	2252	313	312	1	0
P	samples/grace1.mp4	314	4184223	10680	314	316	1	0
P	samples/grace1.mp4	315	4194903	2520	315	314	1	0
P	samples/grace1.mp4	316	4197423	4364	316	315	1	0
P	samples/grace1.mp4	317	4201787	9166	317	319	1	0
P	samples/grace1.mp4	318	4210953	2167	318	317	1	0
P	samples/grace1.mp4	319	4213120	4052	319	318	1	0
P	samples/grace1.mp4	320	4217172	7712	320	322	1	0
P	samples/grace1.mp4	321	4224884	1644	321	320	1	0
P	samples/grace1.mp4	322	4226528	2411	322	321	1	0
P	samples/grace1.mp4	323	4228939	6442	323	325	1	0
P	samples/grace1.mp4	324	4235381	617	324	323	1	0
P	samples/grace1.mp4	325	4235998	669	325	324	1	0
P	samples/grace1.mp4	326	4236667	9732	326	328	1	0
P	samples/grace1.mp4	327	4246399	1554	327	326	1	0
P	samples/grace1.mp4	328	4247953	2480	328	327	1	0
P	samples/grace1.mp4	329	4250433	5185	329	331	1	0
P	samples/grace1.mp4	330	4255618	700	330	329	1	0
P	samples/grace1.mp4	331	4256318	931	331	330	1	0
P	samples/grace1.mp4	332	4257249	3723	332	334	1	0
P	samples/grace1.mp4	333	4260972	213	333	332	1	0
P	samples/grace1.mp4	334	4261185	957	334	333	1	0
P	samples/grace1.mp4	335	4262142	2332	335	337	1	0
P	samples/grace1.mp4	336	4264474	144	336	335	1	0
P	samples/grace1.mp4	337	4264618	426	337	336	1	0
P	samples/grace1.mp4	338	4265044	1376	338	340	1	0
P	samples/grace1.mp4	339	4266420	246	339	338	1	0
P	samples/grace1.mp4	340	4266666	262	340	339	1	0
P	samples/grace1.mp4	341	4266928	1764	341	343	1	0
P	samples/grace1.mp4	342	4268692	401	342	341	1	0
P	samples/grace1.mp4	343	4269093	297	343	342	1	0
P	samples/grace1.mp4	344	4269390	1159	344	346	1	0
P	samples/grace1.mp4	345	4270549	228	345	344	1	0
P	samples/grace1.mp4	346	4270777	157	346	345	1	0
P	samples/grace1.mp4	347	4270934	1547	347	349	1	0
P	samples/grace1.mp4	348	4272481	233	348	347	1	0
P	samples/grace1.mp4	349	4272714	187	349	348	1	0
P	samples/grace1.mp4	350	4272901	1164	350	352	1	0
P	samples/grace1.mp4	351	4274065	119	351	350	1	0
P	samples/grace1.mp4	352	4274184	270	352	351	1	0
P	samples/grace1.mp4	353	4274454	1110	353	355	1	0
P	samples/grace1.mp4	354	4275564	134	354	353	1	0
P	samples/grace1.mp4	355	4275698	268	355	354	1	0
P	samples/grace1.mp4	356	4275966	1402	356	358	1	0
P	samples/grace1.mp4	357	4277368	151	357	356	1	0
P	samples/grace1.mp4	358	4277519	320	358	357	1	0
P	samples/grace1.mp4	359	4277839	1496	359	361	1	0
P	samples/grace1.mp4	360	4279335	137	360	359	1	0
P	samples/grace1.mp4	361	4279472	348	361	360	1	0
P	samples/grace1.mp4	362	4279820	1367	362	364	1	0
P	samples/grace1.mp4	363	4281187	92	363	362	1	0
P	samples/grace1.mp4	364	4281279	281	364	363	1	0
P	samples/grace1.mp4	365	4281560	1365	365	367	1	0
P	samples/grace1.mp4	366	4282925	217	366	365	1	0
P	samples/grace1.mp4	367	4283142	126	367	366	1	0
P	samples/grace1.mp4	368	4283268	1166	368	370	1	0
P	samples/grace1.mp4	369	4284434	190	369	368	1	0
P	samples/grace1.mp4	370	4284624	160	370	369	1	0
P	samples/grace1.mp4	371	4284784	1021	371	373	1	0
P	samples/grace1.mp4	372	4285805	117	372	371	1	0
P	samples/grace1.mp4	373	4285922	122	373	372	1	0
P	samples/grace1.mp4	374	4286044	845	374	376	1	0
P	samples/grace1.mp4	375	4286889	125	375	374	1	0
P	samples/grace1.mp4	376	4287014	119	376	375	1	0
P	samples/grace1.mp4	377	4287133	459	377	379	1	0
P	samples/grace1.mp4	378	4287592	82	378	377	1	0
P	samples/grace1.mp4	379	4287674	88	379	378	1	0
P	samples/grace1.mp4	380	4287762	378	380	382	1	0
P	samples/grace1.mp4	381	4288140	84	381	380	1	0
P	samples/grace1.mp4	382	4288224	77	382	381	1	0
P	samples/grace1.mp4	383	4288301	519	383	385	1	0
P	samples/grace1.mp4	384	4288820	81	384	383	1	0
P	samples/grace1.mp4	385	4288901	77	385	384	1	0
P	samples/grace1.mp4	386	4288978	680	386	388	1	0
P	samples/grace1.mp4	387	4289658	80	387	386	1	0
P	samples/grace1.mp4	388	4289738	188	388	387	1	0
P	samples/grace1.mp4	389	4289926	879	389	391	1	0
P	samples/grace1.mp4	390	4290805	168	390	389	1	0
P	samples/grace1.mp4	391	4290973	147	391	390	1	0
P	samples/grace1.mp4	392	4291120	739	392	394	1	0
P	samples/grace1.mp4	393	4291859	113	393	392	1	0
P	samples/grace1.mp4	394	4291972	96	394	393	1	0
P	samples/grace1.mp4	395	4292068	899	395	397	1	0
P	samples/grace1.mp4	396	4292967	154	396	395	1	0
P	samples/grace1.mp4	397	4293121	74	397	396	1	0
P	samples/grace1.mp4	398	4293195	770	398	400	1	0
P	samples/grace1.mp4	399	4293965	76	399	398	1	0
P	samples/grace1.mp4	400	4294041	227	400	399	1	0
P	samples/grace1.mp4	401	4294268	601	401	403	1	0
P	samples/grace1.mp4	402	4294869	75	402	401	1	0
P	samples/grace1.mp4	403	4294944	149	403	402	1	0
P	samples/grace1.mp4	404	4295093	414	404	406	1	0
P	samples/grace1.mp4	405	4295507	74	405	404	1	0
P	samples/grace1.mp4	406	4295581	106	406	405	1	0
P	samples/grace1.mp4	407	4295687	667	407	409	1	0
P	samples/grace1.mp4	408	4296354	77	408	407	1	0
P	samples/grace1.mp4	409	4296431	124	409	408	1	0
P	samples/grace1.mp4	410	4296555	455	410	412	1	0
P	samples/grace1.mp4	411	4297010	79	411	410	1	0
P	samples/grace1.mp4	412	4297089	94	412	411	1	0
P	samples/grace1.mp4	413	4297183	560	413	415	1	0
P	samples/grace1.mp4	414	4297743	73	414	413	1	0
P	samples/grace1.mp4	415	4297816	130	415	414	1	0
P	samples/grace1.mp4	416	4297946	752	416	418	1	0
P	samples/grace1.mp4	417	4298698	114	417	416	1	0
P	samples/grace1.mp4	418	4298812	193	418	417	1	0
P	samples/grace1.mp4	419	4299005	832	419	421	1	0
P	samples/grace1.mp4	420	4299837	114	420	419	1	0
P	samples/grace1.mp4	421	4299951	194	421	420	1	0
P	samples/grace1.mp4	422	4300145	750	422	424	1	0
P	samples/grace1.mp4	423	4300895	132	423	422	1	0
P	samples/grace1.mp4	424	4301027	176	424	423	1	0
P	samples/grace1.mp4	425	4301203	1517	425	427	1	0
P	samples/grace1.mp4	426	4302720	148	426	425	1	0
P	samples/grace1.mp4	427	4302868	197	427	426	1	0
P	samples/grace1.mp4	428	4303065	2588	428	430	1	0
P	samples/grace1.mp4	429	4305653	285	429	428	1	0
P	samples/grace1.mp4	430	4305938	158	430	429	1	0
P	samples/grace1.mp4	431	4306096	5670	431	433	1	0
P	samples/grace1.mp4	432	4311766	408	432	431	1	0
P	samples/grace1.mp4	433	4312174	292	433	432	1	0
P	samples/grace1.mp4	434	4312466	8189	434	436	1	0
P	samples/grace1.mp4	435	4320655	878	435	434	1	0
P	samples/grace1.mp4	436	4321533	781	436	435	1	0
P	samples/grace1.mp4	437	4322314	10212	437	439	1	0
P	samples/grace1.mp4	438	4332526	305	438	437	1	0
P	samples/grace1.mp4	439	4332831	694	439	438	1	0
P	samples/grace1.mp4	440	4333525	13358	440	442	1	0
P	samples/grace1.mp4	441	4346883	4949	441	440	1	0
P	samples/grace1.mp4	442	4351832	1204	442	441	1	0
P	samples/grace1.mp4	443	4353036	18325	443	445	1	0
P	samples/grace1.mp4	444	4371361	5278	444	443	1	0
P	samples/grace1.mp4	445	4376639	2864	445	444	1	0
P	samples/grace1.mp4	446	4379503	24873	446	448	1	0
P	samples/grace1.mp4	447	4404376	6852	447	446	1	0
P	samples/grace1.mp4	448	4411228	4410	448	447	1	0
P	samples/grace1.mp4	449	4415638	33594	449	451	1	0
P	samples/grace1.mp4	450	4449232	9284	450	449	1	0
P	samples/grace1.mp4	451	4458516	10202	451	450	1	0
P	samples/grace1.mp4	452	4468718	39120	452	454	1	0
P	samples/grace1.mp4	453	4507838	2881	453	452	1	0
P	samples/grace1.mp4	454	4510719	6348	454	453	1	0
P	samples/grace1.mp4	455	4517067	7662	455	457	1	0
P	samples/grace1.mp4	456	4524729	911	456	455	1	0
P	samples/grace1.mp4	457	4525640	1144	457	456	1	0
P	samples/grace1.mp4	458	4526784	7803	458	460	1	0
P	samples/grace1.mp4	459	4534587	999	459	458	1	0
P	samples/grace1.mp4	460	4535586	1294	460	459	1	0
P	samples/grace1.mp4	461	4536880	8604	461	463	1	0
P	samples/grace1.mp4	462	4545484	1103	462	461	1	0
P	samples/grace1.mp4	463	4546587	1491	463	462	1	0
P	samples/grace1.mp4	464	4548078	8363	464	466	1	0
P	samples/grace1.mp4	465	4556441	1094	465	464	1	0
P	samples/grace1.mp4	466	4557535	1394	466	465	1	0
P	samples/grace1.mp4	467	4558929	9383	467	469	1	0
P	samples/grace1.mp4	468	4568312	1127	468	467	1	0
P	samples/grace1.mp4	469	4569439	1500	469	468	1	0
P	samples/grace1.mp4	470	4570939	10105	470	472	1	0
P	samples/grace1.mp4	471	4581044	1237	471	470	1	0
P	samples/grace1.mp4	472	4582281	1499	472	471	1	0
P	samples/grace1.mp4	473	4583780	7586	473	475	1	0
P	samples/grace1.mp4	474	4591366	979	474	473	1	0
P	samples/grace1.mp4	475	4592345	1303	475	474	1	0
P	samples/grace1.mp4	476	4593648	7565	476	478	1	0
P	samples/grace1.mp4	477	4601213	860	477	476	1	0
P	samples/grace1.mp4	478	4602073	1150	478	477	1	0
P	samples/grace1.mp4	479	4603223	8436	479	481	1	0
P	samples/grace1.mp4	480	4611659	1047	480	479	1	0
P	samples/grace1.mp4	481	4612706	1391	481	480	1	0
P	samples/grace1.mp4	482	4614097	8372	482	484	1	0
P	samples/grace1.mp4	483	4622469	1068	483	482	1	0
P	samples/grace1.mp4	484	4623537	1341	484	483	1	0
P	samples/grace1.mp4	485	4624878	9140	485	487	1	0
P	samples/grace1.mp4	486	4634018	1105	486	485	1	0
P	samples/grace1.mp4	487	4635123	1441	487	486	1	0
P	samples/grace1.mp4	488	4636564	7378	488	490	1	0
P	samples/grace1.mp4	489	4643942	763	489	488	1	0
P	samples/grace1.mp4	490	4644705	988	490	489	1	0
P	samples/grace1.mp4	491	4645693	7625	491	493	1	0
P	samples/grace1.mp4	492	4653318	951	492	491	1	0
P	samples/grace1.mp4	493	4654269	1220	493	492	1	0
P	samples/grace1.mp4	494	4655489	8416	494	496	1	0
P	samples/grace1.mp4	495	4663905	993	495	494	1	0
P	samples/grace1.mp4	496	4664898	1377	496	495	1	0
P	samples/grace1.mp4	497	4666275	8022	497	499	1	0
P	samples/grace1.mp4	498	4674297	946	498	497	1	0
P	samples/grace1.mp4	499	4675243	1312	499	498	1	0
P	samples/grace1.mp4	500	4778457	66119	500	500	1	1
P	samples/grace1.mp4	501	4844576	9448	501	503	1	0
P	samples/grace1.mp4	502	4854024	1270	502	501	1	0
P	samples/grace1.mp4	503	4855294	1330	503	502	1	0
P	samples/grace1.mp4	504	4856624	6563	504	506	1	0
P	samples/grace1.mp4	505	4863187	821	505	504	1	0
P	samples/grace1.mp4	506	4864008	1007	506	505	1	0
P	samples/grace1.mp4	507	4865015	6403	507	509	1	0
P	samples/grace1.mp4	508	4871418	962	508	507	1	0
P	samples/grace1.mp4	509	4872380	1170	509	508	1	0
P	samples/grace1.mp4	510	4873550	6101	510	512	1	0
P	samples/grace1.mp4	511	4879651	1031	511	510	1	0
P	samples/grace1.mp4	512	4880682	1216	512	511	1	0
P	samples/grace1.mp4	513	4881898	14215	513	515	1	0
P	samples/grace1.mp4	514	4896113	1577	514	513	1	0
P	samples/grace1.mp4	515	4897690	1682	515	514	1	0
P	samples/grace1.mp4	516	4899372	41220	516	518	1	0
P	samples/grace1.mp4	517	4940592	8954	517	516	1	0
P	samples/grace1.mp4	518	4949546	6623	518	517	1	0
P	samples/grace1.mp4	519	4956169	38721	519	521	1	0
P	samples/grace1.mp4	520	4994890	6488	520	519	1	0
P	samples/grace1.mp4	521	5001378	5445	521	520	1	0
P	samples/grace1.mp4	522	5006823	43120	522	524	1	0
P	samples/grace1.mp4	523	5049943	6319	523	522	1	0
P	samples/grace1.mp4	524	5056262	8629	524	523	1	0
P	samples/grace1.mp4	525	5064891	40436	525	527	1	0
P	samples/grace1.mp4	526	5105327	8000	526	525	1	0
P	samples/grace1.mp4	527	5113327	6938	527	526	1	0
P	samples/grace1.mp4	528	5120265	35131	528	530	1	0
P	samples/grace1.mp4	529	5155396	5322	529	528	1	0
P	samples/grace1.mp4	530	5160718	2533	530	529	1	0
P	samples/grace1.mp4	531	5163251	7410	531	533	1	0
P	samples/grace1.mp4	532	5170661	531	532	531	1	0
P	samples/grace1.mp4	533	5171192	1234	533	532	1	0
P	samples/grace1.mp4	534	5172426	3586	534	536	1	0
P	samples/grace1.mp4	535	5176012	133	535	534	1	0
P	samples/grace1.mp4	536	5176145	496	536	535	1	0
P	samples/grace1.mp4	537	5176641	2731	537	539	1	0
P	samples/grace1.mp4	538	5179372	270	538	537	1	0
P	samples/grace1.mp4	539	5179642	342	539	538	1	0
P	samples/grace1.mp4	540	5179984	2480	540	542	1	0
P	samples/grace1.mp4	541	5182464	176	541	540	1	0
P	samples/grace1.mp4	542	5182640	321	542	541	1	0
P	samples/grace1.mp4	543	5182961	3952	543	545	1	0
P	samples/grace1.mp4	544	5186913	416	544	543	1	0
P	samples/grace1.mp4	545	5187329	732	545	544	1	0
P	samples/grace1.mp4	546	5188061	4338	546	548	1	0
P	samples/grace1.mp4	547	5192399	295	547	546	1	0
P	samples/grace1.mp4	548	5192694	407	548	547	1	0
P	samples/grace1.mp4	549	5193101	3331	549	551	1	0
P	samples/grace1.mp4	550	5196432	128	550	549	1	0
P	samples/grace1.mp4	551	5196560	259	551	550	1	0
P	samples/grace1.mp4	552	5196819	1850	552	554	1	0
P	samples/grace1.mp4	553	5198669	136	553	552	1	0
P	samples/grace1.mp4	554	5198805	378	554	553	1	0
P	samples/grace1.mp4	555	5199183	2236	555	557	1	0
P	samples/grace1.mp4	556	5201419	111	556	555	1	0
P	samples/grace1.mp4	557	5201530	296	557	556	1	0
P	samples/grace1.mp4	558	5201826	2763	558	560	1	0
P	samples/grace1.mp4	559	5204589	254	559	558	1	0
P	samples/grace1.mp4	560	5204843	426	560	559	1	0
P	samples/grace1.mp4	561	5205269	2157	561	563	1	0
P	samples/grace1.mp4	562	5207426	112	562	561	1	0
P	samples/grace1.mp4	563	5207538	305	563	562	1	0
P	samples/grace1.mp4	564	5207843	2644	564	566	1	0
P	samples/grace1.mp4	565	5210487	444	565	564	1	0
P	samples/grace1.mp4	566	5210931	319	566	565	1	0
P	samples/grace1.mp4	567	5211250	2727	567	569	1	0
P	samples/grace1.mp4	568	5213977	268	568	567	1	0
P	samples/grace1.mp4	569	5214245	392	569	568	1	0
P	samples/grace1.mp4	570	5214637	1604	570	572	1	0
P	samples/grace1.mp4	571	5216241	129	571	570	1	0
P	samples/grace1.mp4	572	5216370	274	572	571	1	0
P	samples/grace1.mp4	573	5216644	1316	573	575	1	0
P	samples/grace1.mp4	574	5217960	84	574	573	1	0
P	samples/grace1.mp4	575	5218044	137	575	574	1	0
P	samples/grace1.mp4	576	5218181	1204	576	578	1	0
P	samples/grace1.mp4	577	5219385	114	577	576	1	0
P	samples/grace1.mp4	578	5219499	191	578	577	1	0
P	samples/grace1.mp4	579	5219690	1949	579	581	1	0
P	samples/grace1.mp4	580	5221639	93	580	579	1	0
P	samples/grace1.mp4	581	5221732	286	581	580	1	0
P	samples/grace1.mp4	582	5222018	7119	582	584	1	0
P	samples/grace1.mp4	583	5229137	451	583	582	1	0
P	samples/grace1.mp4	584	5229588	732	584	583	1	0
P	samples/grace1.mp4	585	5230320	2220	585	587	1	0
P	samples/grace1.mp4	586	5232540	151	586	585	1	0
P	samples/grace1.mp4	587	5232691	232	587	586	1	0
P	samples/grace1.mp4	588	5232923	3339	588	590	1	0
P	samples/grace1.mp4	589	5236262	272	589	588	1	0
P	samples/grace1.mp4	590	5236534	404	590	589	1	0
P	samples/grace1.mp4	591	5236938	2822	591	593	1	0
P	samples/grace1.mp4	592	5239760	377	592	591	1	0
P	samples/grace1.mp4	593	5240137	420	593	592	1	0
P	samples/grace1.mp4	594	5240557	2264	594	596	1	0
P	samples/grace1.mp4	595	5242821	129	595	594	1	0
P	samples/grace1.mp4	596	5242950	213	596	595	1	0
P	samples/grace1.mp4	597	5243163	1544	597	599	1	0
P	samples/grace1.mp4	598	5244707	137	598	597	1	0
P	samples/grace1.mp4	599	5244844	198	599	598	1	0
P	samples/grace1.mp4	600	5245042	909	600	602	1	0
P	samples/grace1.mp4	601	5245951	112	601	600	1	0
P	samples/grace1.mp4	602	5246063	119	602	601	1	0
P	samples/grace1.mp4	603	5246182	3791	603	605	1	0
P	samples/grace1.mp4	604	5249973	512	604	603	1	0
P	samples/grace1.mp4	605	5250485	357	605	604	1	0
P	samples/grace1.mp4	606	5250842	2124	606	608	1	0
P	samples/grace1.mp4	607	5252966	130	607	606	1	0
P	samples/grace1.mp4	608	5253096	370	608	607	1	0
P	samples/grace1.mp4	609	5253466	1597	609	611	1	0
P	samples/grace1.mp4	610	5255063	255	610	609	1	0
P	samples/grace1.mp4	611	5255318	219	611	610	1	0
P	samples/grace1.mp4	612	5255537	1614	612	614	1	0
P	samples/grace1.mp4	613	5257151	144	613	612	1	0
P	samples/grace1.mp4	614	5257295	150	614	613	1	0
P	samples/grace1.mp4	615	5257445	4602	615	617	1	0
P	samples/grace1.mp4	616	5262047	315	616	615	1	0
P	samples/grace1.mp4	617	5262362	526	617	616	1	0
P	samples/grace1.mp4	618	5262888	2013	618	620	1	0
P	samples/grace1.mp4	619	5264901	230	619	618	1	0
P	samples/grace1.mp4	620	5265131	371	620	619	1	0
P	samples/grace1.mp4	621	5265502	1936	621	623	1	0
P	samples/grace1.mp4	622	5267438	267	622	621	1	0
P	samples/grace1.mp4	623	5267705	244	623	622	1	0
P	samples/grace1.mp4	624	5267949	8540	624	626	1	0
P	samples/grace1.mp4	625	5276489	461	625	624	1	0
P	samples/grace1.mp4	626	5276950	573	626	625	1	0
P	samples/grace1.mp4	627	5277523	2501	627	629	1	0
P	samples/grace1.mp4	628	5280024	229	628	627	1	0
P	samples/grace1.mp4	629	5280253	510	629	628	1	0
P	samples/grace1.mp4	630	5280763	1765	630	632	1	0
P	samples/grace1.mp4	631	5282528	162	631	630	1	0
P	samples/grace1.mp4	632	5282690	164	632	631	1	0
P	samples/grace1.mp4	633	5282854	1219	633	635	1	0
P	samples/grace1.mp4	634	5284073	109	634	633	1	0
P	samples/grace1.mp4	635	5284182	133	635	634	1	0
P	samples/grace1.mp4	636	5284315	3669	636	638	1	0
P	samples/grace1.mp4	637	5287984	216	637	636	1	0
P	samples/grace1.mp4	638	5288200	540	638	637	1	0
P	samples/grace1.mp4	639	5288740	1773	639	641	1	0
P	samples/grace1.mp4	640	5290513	246	640	639	1	0
P	samples/grace1.mp4	641	5290759	199	641	640	1	0
P	samples/grace1.mp4	642	5290958	1704	642	644	1	0
P	samples/grace1.mp4	643	5292662	146	643	642	1	0
P	samples/grace1.mp4	644	5292808	323	644	643	1	0
P	samples/grace1.mp4	645	5293131	6282	645	647	1	0
P	samples/grace1.mp4	646	5299413	390	646	645	1	0
P	samples/grace1.mp4	647	5299803	713	647	646	1	0
P	samples/grace1.mp4	648	5300516	3660	648	650	1	0
P	samples/grace1.mp4	649	5304176	305	649	648	1	0
P	samples/grace1.mp4	650	5304481	515	650	649	1	0
P	samples/grace1.mp4	651	5304996	2189	651	653	1	0
P	samples/grace1.mp4	652	5307185	187	652	651	1	0
P	samples/grace1.mp4	653	5307372	349	653	652	1	0
P	samples/grace1.mp4	654	5307721	1718	654	656	1	0
P	samples/grace1.mp4	655	5309439	183	655	654	1	0
P	samples/grace1.mp4	656	5309622	285	656	655	1	0
P	samples/grace1.mp4	657	5309907	2485	657	659	1	0
P	samples/grace1.mp4	658	5312392	386	658	657	1	0
S	samples/grace2.mp4	420	000000106764042aace501e0089f9601e1108b2c0000000468ee3c80
P	samples/grace2.mp4	0	4421	28817	0	0	1	1
P	samples/grace2.mp4	1	33238	3325	1	3	1	0
P	samples/grace2.mp4	2	36563	1271	2	1	1	0
P	samples/grace2.mp4	3	37834	1516	3	2	1	0
P	samples/grace2.mp4	4	39350	2661	4	6	1	0
P	samples/grace2.mp4	5	42011	412	5	4	1	0
P	samples/grace2.mp4	6	42423	387	6	5	1	0
P	samples/grace2.mp4	7	42810	2428	7	9	1	0
P	samples/grace2.mp4	8	45238	489	8	7	1	0
P	samples/grace2.mp4	9	45727	530	9	8	1	0
P	samples/grace2.mp4	10	46257	3041	10	12	1	0
P	samples/grace2.mp4	11	49298	1388	11	10	1	0
P	samples/grace2.mp4	12	50686	1318	12	11	1	0
P	samples/grace2.mp4	13	52004	2378	13	15	1	0
P	samples/grace2.mp4	14	54382	684	14	13	1	0
P	samples/grace2.mp4	15	55066	684	15	14	1	0
P	samples/grace2.mp4	16	55750	3891	16	18	1	0
P	samples/grace2.mp4	17	59641	1375	17	16	1	0
P	samples/grace2.mp4	18	61016	585	18	17	1	0
P	samples/grace2.mp4	19	61601	4141	19	21	1	0
P	samples/grace2.mp4	20	65742	1794	20	19	1	0
P	samples/grace2.mp4	21	67536	1695	21	20	1	0
P	samples/grace2.mp4	22	69231	3988	22	24	1	0
P	samples/grace2.mp4	23	73219	653	23	22	1	0
P	samples/grace2.mp4	24	73872	882	24	23	1	0
P	samples/grace2.mp4	25	74754	1295	25	27	1	0
P	samples/grace2.mp4	26	76049	115	26	25	1	0
P	samples/grace2.mp4	27	76164	220	27	26	1	0
P	samples/grace2.mp4	28	76384	2619	28	30	1	0
P	samples/grace2.mp4	29	79003	278	29	28	1	0
P	samples/grace2.mp4	30	79281	393	30	29	1	0
P	samples/grace2.mp4	31	79674	4532	31	33	1	0
P	samples/grace2.mp4	32	84206	1779	32	31	1	0
P	samples/grace2.mp4	33	85985	1904	33	32	1	0
P	samples/grace2.mp4	34	87889	3029	34	36	1	0
P	samples/grace2.mp4	35	90918	416	35	34	1	0
P	samples/grace2.mp4	36	91334	395	36	35	1	0
P	samples/grace2.mp4	37	91729	3919	37	39	1	0
P	samples/grace2.mp4	38	95648	1787	38	37	1	0
P	samples/grace2.mp4	39	97435	1939	39	38	1	0
P	samples/grace2.mp4	40	99374	2713	40	42	1	0
P	samples/grace2.mp4	41	102087	706	41	40	1	0
P	samples/grace2.mp4	42	102793	560	42	41	1	0
P	samples/grace2.mp4	43	103353	2782	43	45	1	0
P	samples/grace2.mp4	44	106135	489	44	43	1	0
P	samples/grace2.mp4	45	106624	433	45	44	1	0
P	samples/grace2.mp4	46	107057	3025	46	48	1	0
P	samples/grace2.mp4	47	110082	553	47	46	1	0
P	samples/grace2.mp4	48	110635	977	48	47	1	0
P	samples/grace2.mp4	49	111612	3869	49	51	1	0
P	samples/grace2.mp4	50	115481	1633	50	49	1	0
P	samples/grace2.mp4	51	117114	1115	51	50	1	0
P	samples/grace2.mp4	52	118229	4155	52	54	1	0
P	samples/grace2.mp4	53	122384	434	53	52	1	0
P	samples/grace2.mp4	54	122818	413	54	53	1	0
P	samples/grace2.mp4	55	123231	7942	55	57	1	0
P	samples/grace2.mp4	56	131173	1388	56	55	1	0
P	samples/grace2.mp4	57	132561	490	57	56	1	0
P	samples/grace2.mp4	58	133051	10106	58	60	1	0
P	samples/grace2.mp4	59	143157	607	59	58	1	0
P	samples/grace2.mp4	60	143764	726	60	59	1	0
P	samples/grace2.mp4	61	144490	11981	61	63	1	0
P	samples/grace2.mp4	62	156471	784	62	61	1	0
P	samples/grace2.mp4	63	157255	784	63	62	1	0
P	samples/grace2.mp4	64	158039	27233	64	66	1	0
P	samples/grace2.mp4	65	185272	9484	65	64	1	0
P	samples/grace2.mp4	66	194756	9887	66	65	1	0
P	samples/grace2.mp4	67	204643	31657	67	69	1	0
P	samples/grace2.mp4	68	236300	11183	68	67	1	0
P	samples/grace2.mp4	69	247483	6728	69	68	1	0
P	samples/grace2.mp4	70	254211	50123	70	72	1	0
P	samples/grace2.mp4	71	304334	13956	71	70	1	0
P	samples/grace2.mp4	72	318290	14226	72	71	1	0
P	samples/grace2.mp4	73	332516	5064	73	75	1	0
P	samples/grace2.mp4	74	337580	648	74	73	1	0
P	samples/grace2.mp4	75	338228	648	75	74	1	0
P	samples/grace2.mp4	76	338876	92657	76	78	1	0
P	samples/grace2.mp4	77	431533	24839	77	76	1	0
P	samples/grace2.mp4	78	456372	43406	78	77	1	0
P	samples/grace2.mp4	79	499778	83374	79	81	1	0
P	samples/grace2.mp4	80	583152	31877	80	79	1	0
P	samples/grace2.mp4	81	615029	29294	81	80	1	0
P	samples/grace2.mp4	82	644323	46163	82	84	1	0
P	samples/grace2.mp4	83	690486	15282	83	82	1	0
P	samples/grace2.mp4	84	705768	16295	84	83	1	0
P	samples/grace2.mp4	85	722063	45139	85	87	1	0
P	samples/grace2.mp4	86	767202	13041	86	85	1	0
P	samples/grace2.mp4	87	780243	17995	87	86	1	0
P	samples/grace2.mp4	88	798238	42726	88	90	1	0
P	samples/grace2.mp4	89	840964	10588	89	88	1	0
P	samples/grace2.mp4	90	851552	15618	90	89	1	0
P	samples/grace2.mp4	91	867170	49144	91	93	1	0
P	samples/grace2.mp4	92	916314	16924	92	91	1	0
P	samples/grace2.mp4	93	933238	18819	93	92	1	0
P	samples/grace2.mp4	94	952057	45921	94	96	1	0
P	samples/grace2.mp4	95	997978	16394	95	94	1	0
P	samples/grace2.mp4	96	1014372	17000	96	95	1	0
P	samples/grace2.mp4	97	1031372	49267	97	99	1	0
P	samples/grace2.mp4	98	1080639	17940	98	97	1	0
P	samples/grace2.mp4	99	1098579	18920	99	98	1	0
P	samples/grace2.mp4	100	1117499	41657	100	102	1	0
P	samples/grace2.mp4	101	1159156	15206	101	100	1	0
P	samples/grace2.mp4	102	1174362	15732	102	101	1	0
P	samples/grace2.mp4	103	1190094	41663	103	105	1	0
P	samples/grace2.mp4	104	1231757	14850	104	103	1	0
P	samples/grace2.mp4	105	1246607	15062	105	104	1	0
P	samples/grace2.mp4	106	1261669	43843	106	108	1	0
P	samples/grace2.mp4	107	1305512	16019	107	106	1	0
P	samples/grace2.mp4	108	1321531	16607	108	107	1	0
P	samples/grace2.mp4	109	1338138	42221	109	111	1	0
P	samples/grace2.mp4	110	1380359	15612	110	109	1	0
P	samples/grace2.mp4	111	1395971	15777	111	110	1	0
P	samples/grace2.mp4	112	1411748	44213	112	114	1	0
P	samples/grace2.mp4	113	1455961	16171	113	112	1	0
P	samples/grace2.mp4	114	1472132	17093	114	113	1	0
P	samples/grace2.mp4	115	1489225	43528	115	117	1	0
P	samples/grace2.mp4	116	1532753	15184	116	115	1	0
P	samples/grace2.mp4	117	1547937	16601	117	116	1	0
P	samples/grace2.mp4	118	1564538	42948	118	120	1	0
P	samples/grace2.mp4	119	1607486	15464	119	118	1	0
P	samples/grace2.mp4	120	1622950	15825	120	119	1	0
P	samples/grace2.mp4	121	1638775	43573	121	123	1	0
P	samples/grace2.mp4	122	1682348	16348	122	121	1	0
P	samples/grace2.mp4	123	1698696	16852	123	122	1	0
P	samples/grace2.mp4	124	1715548	63725	124	126	1	0
P	samples/grace2.mp4	125	1779273	17033	125	124	1	0
P	samples/grace2.mp4	126	1796306	20704	126	125	1	0
P	samples/grace2.mp4	127	1817010	46774	127	129	1	0
P	samples/grace2.mp4	128	1863784	15643	128	127	1	0
P	samples/grace2.mp4	129	1879427	16877	129	128	1	0
P	samples/grace2.mp4	130	1896304	43534	130	132	1	0
P	samples/grace2.mp4	131	1939838	15059	131	130	1	0
P	samples/grace2.mp4	132	1954897	16079	132	131	1	0
P	samples/grace2.mp4	133	1970976	44535	133	135	1	0
P	samples/grace2.mp4	134	2015511	15282	134	133	1	0
P	samples/grace2.mp4	135	2030793	16328	135	134	1	0
P	samples/grace2.mp4	136	2047121	43964	136	138	1	0
P	samples/grace2.mp4	137	2091085	15486	137	136	1	0
P	samples/grace2.mp4	138	2106571	16400	138	137	1	0
P	samples/grace2.mp4	139	2122971	46918	139	141	1	0
P	samples/grace2.mp4	140	2169889	16086	140	139	1	0
P	samples/grace2.mp4	141	2185975	17215	141	140	1	0
P	samples/grace2.mp4	142	2203190	44081	142	144	1	0
P	samples/grace2.mp4	143	2247271	15236	143	142	1	0
P	samples/grace2.mp4	144	2262507	16337	144	143	1	0
P	samples/grace2.mp4	145	2278844	46702	145	147	1	0
P	samples/grace2.mp4	146	2325546	17047	146	145	1	0
P	samples/grace2.mp4	147	2342593	17159	147	146	1	0
P	samples/grace2.mp4	148	2359752	45942	148	150	1	0
P	samples/grace2.mp4	149	2405694	15399	149	148	1	0
P	samples/grace2.mp4	150	2421093	16243	150	149	1	0
P	samples/grace2.mp4	151	2437336	45993	151	153	1	0
P	samples/grace2.mp4	152	2483329	16377	152	151	1	0
P	samples/grace2.mp4	153	2499706	16790	153	152	1	0
P	samples/grace2.mp4	154	2516496	47120	154	156	1	0
P	samples/grace2.mp4	155	2563616	16344	155	154	1	0
P	samples/grace2.mp4	156	2579960	17454	156	155	1	0
P	samples/grace2.mp4	157	2597414	48047	157	159	1	0
P	samples/grace2.mp4	158	2645461	17298	158	157	1	0
P	samples/grace2.mp4	159	2662759	18043	159	158	1	0
P	samples/grace2.mp4	160	2680802	40632	160	162	1	0
P	samples/grace2.mp4	161	2721434	12705	161	160	1	0
P	samples/grace2.mp4	162	2734139	4018	162	161	1	0
P	samples/grace2.mp4	163	2738157	50151	163	165	1	0
P	samples/grace2.mp4	164	2788308	19368	164	163	1	0
P	samples/grace2.mp4	165	2807676	18375	165	164	1	0
P	samples/grace2.mp4	166	2826051	45833	166	168	1	0
P	samples/grace2.mp4	167	2871884	15829	167	166	1	0
P	samples/grace2.mp4	168	2887713	16868	168	167	1	0
P	samples/grace2.mp4	169	2904581	46011	169	171	1	0
P	samples/grace2.mp4	170	2950592	16167	170	169	1	0
P	samples/grace2.mp4	171	2966759	16973	171	170	1	0
P	samples/grace2.mp4	172	2983732	48001	172	174	1	0
P	samples/grace2.mp4	173	3031733	16882	173	172	1	0
P	samples/grace2.mp4	174	3048615	17734	174	173	1	0
P	samples/grace2.mp4	175	3066349	48879	175	177	1	0
P	samples/grace2.mp4	176	3115228	16718	176	175	1	0
P	samples/grace2.mp4	177	3131946	17813	177	176	1	0
P	samples/grace2.mp4	178	3149759	45832	178	180	1	0
P	samples/grace2.mp4	179	3195591	15459	179	178	1	0
P	samples/grace2.mp4	180	3211050	17048	180	179	1	0
P	samples/grace2.mp4	181	3228098	47318	181	183	1	0
P	samples/grace2.mp4	182	3275416	16516	182	181	1	0
P	samples/grace2.mp4	183	3291932	17553	183	182	1	0
P	samples/grace2.mp4	184	3309485	47147	184	186	1	0
P	samples/grace2.mp4	185	3356632	16495	185	184	1	0
P	samples/grace2.mp4	186	3373127	17393	186	185	1	0
P	samples/grace2.mp4	187	3390520	47914	187	189	1	0
P	samples/grace2.mp4	188	3438434	16732	188	187	1	0
P	samples/grace2.mp4	189	3455166	18024	189	188	1	0
P	samples/grace2.mp4	190	3473190	46811	190	192	1	0
P	samples/grace2.mp4	191	3520001	16176	191	190	1	0
P	samples/grace2.mp4	192	3536177	16919	192	191	1	0
P	samples/grace2.mp4	193	3553096	49667	193	195	1	0
P	samples/grace2.mp4	194	3602763	18682	194	193	1	0
P	samples/grace2.mp4	195	3621445	18668	195	194	1	0
P	samples/grace2.mp4	196	3640113	46037	196	198	1	0
P	samples/grace2.mp4	197	3686150	15684	197	196	1	0
P	samples/grace2.mp4	198	3701834	16197	198	197	1	0
P	samples/grace2.mp4	199	3718031	46404	199	201	1	0
P	samples/grace2.mp4	200	3764435	15770	200	199	1	0
P	samples/grace2.mp4	201	3780205	16717	201	200	1	0
P	samples/grace2.mp4	202	3796922	48316	202	204	1	0
P	samples/grace2.mp4	203	3845238	17078	203	202	1	0
P	samples/grace2.mp4	204	3862316	18416	204	203	1	0
P	samples/grace2.mp4	205	3880732	47605	205	207	1	0
P	samples/grace2.mp4	206	3928337	17086	206	205	1	0
P	samples/grace2.mp4	207	3945423	17807	207	206	1	0
P	samples/grace2.mp4	208	3963230	49621	208	210	1	0
P	samples/grace2.mp4	209	4012851	17358	209	208	1	0
P	samples/grace2.mp4	210	4030209	18427	210	209	1	0
P	samples/grace2.mp4	211	4048636	49054	211	213	1	0
P	samples/grace2.mp4	212	4097690	18362	212	211	1	0
P	samples/grace2.mp4	213	4116052	19190	213	212	1	0
P	samples/grace2.mp4	214	4135242	47958	214	216	1	0
P	samples/grace2.mp4	215	4183200	17277	215	214	1	0
P	samples/grace2.mp4	216	4200477	18182	216	215	1	0
P	samples/grace2.mp4	217	4218659	47950	217	219	1	0
P	samples/grace2.mp4	218	4266609	17393	218	217	1	0
P	samples/grace2.mp4	219	4284002	18505	219	218	1	0
P	samples/grace2.mp4	220	4302507	47327	220	222	1	0
P	samples/grace2.mp4	221	4349834	16068	221	220	1	0
P	samples/grace2.mp4	222	4365902	17266	222	221	1	0
P	samples/grace2.mp4	223	4383168	48250	223	225	1	0
P	samples/grace2.mp4	224	4431418	16017	224	223	1	0
P	samples/grace2.mp4	225	4447435	17121	225	224	1	0
P	samples/grace2.mp4	226	4464556	45186	226	228	1	0
P	samples/grace2.mp4	227	4509742	16214	227	226	1	0
P	samples/grace2.mp4	228	4525956	17654	228	227	1	0
P	samples/grace2.mp4	229	4543610	48233	229	231	1	0
P	samples/grace2.mp4	230	4591843	16077	230	229	1	0
P	samples/grace2.mp4	231	4607920	18847	231	230	1	0
P	samples/grace2.mp4	232	4626767	46174	232	234	1	0
P	samples/grace2.mp4	233	4672941	16548	233	232	1	0
P	samples/grace2.mp4	234	4689489	16722	234	233	1	0
P	samples/grace2.mp4	235	4706211	47102	235	237	1	0
P	samples/grace2.mp4	236	4753313	16323	236	235	1	0
P	samples/grace2.mp4	237	4769636	17394	237	236	1	0
P	samples/grace2.mp4	238	4787030	47660	238	240	1	0
P	samples/grace2.mp4	239	4834690	17690	239	238	1	0
P	samples/grace2.mp4	240	4852380	17363	240	239	1	0
P	samples/grace2.mp4	241	4869743	50485	241	243	1	0
P	samples/grace2.mp4	242	4920228	5131	242	241	1	0
P	samples/grace2.mp4	243	4925359	19170	243	242	1	0
P	samples/grace2.mp4	244	4944529	46860	244	246	1	0
P	samples/grace2.mp4	245	4991389	16512	245	244	1	0
P	samples/grace2.mp4	246	5007901	17570	246	245	1	0
P	samples/grace2.mp4	247	5025471	45893	247	249	1	0
P	samples/grace2.mp4	248	5071364	16337	248	247	1	0
P	samples/grace2.mp4	249	5087701	17050	249	248	1	0
P	samples/grace2.mp4	250	5207031	149881	250	250	1	1
P	samples/grace2.mp4	251	5356912	44556	251	253	1	0
P	samples/grace2.mp4	252	5401468	13577	252	251	1	0
P	samples/grace2.mp4	253	5415045	16127	253	252	1	0
P	samples/grace2.mp4	254	5431172	33985	254	256	1	0
P	samples/grace2.mp4	255	5465157	10902	255	254	1	0
P	samples/grace2.mp4	256	5476059	3130	256	255	1	0
P	samples/grace2.mp4	257	5479189	55971	257	259	1	0
P	samples/grace2.mp4	258	5535160	23907	258	257	1	0
P	samples/grace2.mp4	259	5559067	22617	259	258	1	0
P	samples/grace2.mp4	260	5581684	46957	260	262	1	0
P	samples/grace2.mp4	261	5628641	15070	261	260	1	0
P	samples/grace2.mp4	262	5643711	16837	262	261	1	0
P	samples/grace2.mp4	263	5660548	47817	263	265	1	0
P	samples/grace2.mp4	264	5708365	15194	264	263	1	0
P	samples/grace2.mp4	265	5723559	17251	265	264	1	0
P	samples/grace2.mp4	266	5740810	48416	266	268	1	0
P	samples/grace2.mp4	267	5789226	16268	267	266	1	0
P	samples/grace2.mp4	268	5805494	18636	268	267	1	0
P	samples/grace2.mp4	269	5824130	51270	269	271	1	0
P	samples/grace2.mp4	270	5875400	16561	270	269	1	0
P	samples/grace2.mp4	271	5891961	18994	271	270	1	0
P	samples/grace2.mp4	272	5910955	49457	272	274	1	0
P	samples/grace2.mp4	273	5960412	16312	273	272	1	0
P	samples/grace2.mp4	274	5976724	19284	274	273	1	0
P	samples/grace2.mp4	275	5996008	37322	275	277	1	0
P	samples/grace2.mp4	276	6033330	12304	276	275	1	0
P	samples/grace2.mp4	277	6045634	3325	277	276	1	0
P	samples/grace2.mp4	278	6048959	58019	278	280	1	0
P	samples/grace2.mp4	279	6106978	24199	279	278	1	0
P	samples/grace2.mp4	280	6131177	22427	280	279	1	0
P	samples/grace2.mp4	281	6153604	47834	281	283	1	0
P	samples/grace2.mp4	282	6201438	15747	282	281	1	0
P	samples/grace2.mp4	283	6217185	17934	283	282	1	0
P	samples/grace2.mp4	284	6235119	46550	284	286	1	0
P	samples/grace2.mp4	285	6281669	14394	285	284	1	0
P	samples/grace2.mp4	286	6296063	16787	286	285	1	0
P	samples/grace2.mp4	287	6312850	49657	287	289	1	0
P	samples/grace2.mp4	288	6362507	15196	288	287	1	0
P	samples/grace2.mp4	289	6377703	17980	289	288	1	0
P	samples/grace2.mp4	290	6395683	34102	290	292	1	0
P	samples/grace2.mp4	291	6429785	11057	291	290	1	0
P	samples/grace2.mp4	292	6440842	4060	292	291	1	0
P	samples/grace2.mp4	293	6444902	55552	293	295	1	0
P	samples/grace2.mp4	294	6500454	20258	294	293	1	0
P	samples/grace2.mp4	295	6520712	23541	295	294	1	0
P	samples/grace2.mp4	296	6544253	36527	296	298	1	0
P	samples/grace2.mp4	297	6580780	11832	297	296	1	0
P	samples/grace2.mp4	298	6592612	3582	298	297	1	0
P	samples/grace2.mp4	299	6596194	49541	299	301	1	0
P	samples/grace2.mp4	300	6645735	17248	300	299	1	0
P	samples/grace2.mp4	301	6662983	3216	301	300	1	0
P	samples/grace2.mp4	302	6666199	60014	302	304	1	0
P	samples/grace2.mp4	303	6726213	25410	303	302	1	0
P	samples/grace2.mp4	304	6751623	25410	304	303	1	0
P	samples/grace2.mp4	305	6777033	38774	305	307	1	0
P	samples/grace2.mp4	306	6815807	6811	306	305	1	0
P	samples/grace2.mp4	307	6822618	12921	307	306	1	0
P	samples/grace2.mp4	308	6835539	48954	308	310	1	0
P	samples/grace2.mp4	309	6884493	17682	309	308	1	0
P	samples/grace2.mp4	310	6902175	18320	310	309	1	0
P	samples/grace2.mp4	311	6920495	50422	311	313	1	0
P	samples/grace2.mp4	312	6970917	17638	312	311	1	0
P	samples/grace2.mp4	313	6988555	18783	313	312	1	0
P	samples/grace2.mp4	314	7007338	48895	314	316	1	0
P	samples/grace2.mp4	315	7056233	17876	315	314	1	0
P	samples/grace2.mp4	316	7074109	18313	316	315	1	0
P	samples/grace2.mp4	317	7092422	48191	317	319	1	0
P	samples/grace2.mp4	318	7140613	17134	318	317	1	0
P	samples/grace2.mp4	319	7157747	17913	319	318	1	0
P	samples/grace2.mp4	320	7175660	51791	320	322	1	0
P	samples/grace2.mp4	321	7227451	18257	321	320	1	0
P	samples/grace2.mp4	322	7245708	19662	322	321	1	0
P	samples/grace2.mp4	323	7265370	47416	323	325	1	0
P	samples/grace2.mp4	324	7312786	16364	324	323	1	0
P	samples/grace2.mp4	325	7329150	17486	325	324	1	0
P	samples/grace2.mp4	326	7346636	49000	326	328	1	0
P	samples/grace2.mp4	327	7395636	17492	327	326	1	0
P	samples/grace2.mp4	328	7413128	18339	328	327	1	0
P	samples/grace2.mp4	329	7431467	51373	329	331	1	0
P	samples/grace2.mp4	330	7482840	18422	330	329	1	0
P	samples/grace2.mp4	331	7501262	19396	331	330	1	0
P	samples/grace2.mp4	332	7520658	51818	332	334	1	0
P	samples/grace2.mp4	333	7572476	19394	333	332	1	0
P	samples/grace2.mp4	334	7591870	19906	334	333	1	0
P	samples/grace2.mp4	335	7611776	50994	335	337	1	0
P	samples/grace2.mp4	336	7662770	18603	336	335	1	0
P	samples/grace2.mp4	337	7681373	19968	337	336	1	0
P	samples/grace2.mp4	338	7701341	54068	338	340	1	0
P	samples/grace2.mp4	339	7755409	20939	339	338	1	0
P	samples/grace2.mp4	340	7776348	21002	340	339	1	0
P	samples/grace2.mp4	341	7797350	48459	341	343	1	0
P	samples/grace2.mp4	342	7845809	16769	342	341	1	0
P	samples/grace2.mp4	343	7862578	17905	343	342	1	0
P	samples/grace2.mp4	344	7880483	50288	344	346	1	0
P	samples/grace2.mp4	345	7930771	18569	345	344	1	0
P	samples/grace2.mp4	346	7949340	17682	346	345	1	0
P	samples/grace2.mp4	347	7967022	58548	347	349	1	0
P	samples/grace2.mp4	348	8025570	19564	348	347	1	0
P	samples/grace2.mp4	349	8045134	21987	349	348	1	0
P	samples/grace2.mp4	350	8067121	50904	350	352	1	0
P	samples/grace2.mp4	351	8118025	17049	351	350	1	0
P	samples/grace2.mp4	352	8135074	17305	352	351	1	0
P	samples/grace2.mp4	353	8152379	52467	353	355	1	0
P	samples/grace2.mp4	354	8204846	17796	354	353	1	0
P	samples/grace2.mp4	355	8222642	18148	355	354	1	0
P	samples/grace2.mp4	356	8240790	48694	356	358	1	0
P	samples/grace2.mp4	357	8289484	16574	357	356	1	0
P	samples/grace2.mp4	358	8306058	18053	358	357	1	0
P	samples/grace2.mp4	359	8324111	48669	359	361	1	0
P	samples/grace2.mp4	360	8372780	16273	360	359	1	0
P	samples/grace2.mp4	361	8389053	17082	361	360	1	0
P	samples/grace2.mp4	362	8406135	48927	362	364	1	0
P	samples/grace2.mp4	363	8455062	16698	363	362	1	0
P	samples/grace2.mp4	364	8471760	17517	364	363	1	0
P	samples/grace2.mp4	365	8489277	49446	365	367	1	0
P	samples/grace2.mp4	366	8538723	16831	366	365	1	0
P	samples/grace2.mp4	367	8555554	18407	367	366	1	0
P	samples/grace2.mp4	368	8573961	50430	368	370	1	0
P	samples/grace2.mp4	369	8624391	16426	369	368	1	0
P	samples/grace2.mp4	370	8640817	18337	370	369	1	0
P	samples/grace2.mp4	371	8659154	48239	371	373	1	0
P	samples/grace2.mp4	372	8707393	15850	372	371	1	0
P	samples/grace2.mp4	373	8723243	18710	373	372	1	0
P	samples/grace2.mp4	374	8741953	47198	374	376	1	0
P	samples/grace2.mp4	375	8789151	16837	375	374	1	0
P	samples/grace2.mp4	376	8805988	17360	376	375	1	0
P	samples/grace2.mp4	377	8823348	57907	377	379	1	0
P	samples/grace2.mp4	378	8881255	18086	378	377	1	0
P	samples/grace2.mp4	379	8899341	19765	379	378	1	0
P	samples/grace2.mp4	380	8919106	61757	380	382	1	0
P	samples/grace2.mp4	381	8980863	19028	381	380	1	0
P	samples/grace2.mp4	382	8999891	21359	382	381	1	0
P	samples/grace2.mp4	383	9021250	59419	383	385	1	0
P	samples/grace2.mp4	384	9080669	22472	384	383	1	0
P	samples/grace2.mp4	385	9103141	24559	385	384	1	0
P	samples/grace2.mp4	386	9127700	59748	386	388	1	0
P	samples/grace2.mp4	387	9187448	20521	387	386	1	0
P	samples/grace2.mp4	388	9207969	20343	388	387	1	0
P	samples/grace2.mp4	389	9228312	53382	389	391	1	0
P	samples/grace2.mp4	390	9281694	11832	390	389	1	0
P	samples/grace2.mp4	391	9293526	19705	391	390	1	0
P	samples/grace2.mp4	392	9313231	68527	392	394	1	0
P	samples/grace2.mp4	393	9381758	32359	393	392	1	0
P	samples/grace2.mp4	394	9414117	24412	394	393	1	0
P	samples/grace2.mp4	395	9438529	69178	395	397	1	0
P	samples/grace2.mp4	396	9507707	32836	396	395	1	0
P	samples/grace2.mp4	397	9540543	26551	397	396	1	0
P	samples/grace2.mp4	398	9567094	66970	398	400	1	0
P	samples/grace2.mp4	399	9634064	31024	399	398	1	0
P	samples/grace2.mp4	400	9665088	22569	400	399	1	0
P	samples/grace2.mp4	401	9687657	67108	401	403	1	0
P	samples/grace2.mp4	402	9754765	30389	402	401	1	0
P	samples/grace2.mp4	403	9785154	22250	403	402	1	0
P	samples/grace2.mp4	404	9807404	67965	404	406	1	0
P	samples/grace2.mp4	405	9875369	28700	405	404	1	0
P	samples/grace2.mp4	406	9904069	32524	406	405	1	0
P	samples/grace2.mp4	407	9936593	52494	407	409	1	0
P	samples/grace2.mp4	408	9989087	27955	408	407	1	0
P	samples/grace2.mp4	409	10017042	18991	409	408	1	0
P	samples/grace2.mp4	410	10036033	90012	410	412	1	0
P	samples/grace2.mp4	411	10126045	26948	411	410	1	0
P	samples/grace2.mp4	412	10152993	47040	412	411	1	0
P	samples/grace2.mp4	413	10200033	99118	413	415	1	0
P	samples/grace2.mp4	414	10299151	58842	414	413	1	0
P	samples/grace2.mp4	415	10357993	69727	415	414	1	0
P	samples/grace2.mp4	416	10427720	105420	416	418	1	0
P	samples/grace2.mp4	417	10533140	68117	417	416	1	0
P	samples/grace2.mp4	418	10601257	61752	418	417	1	0
P	samples/grace2.mp4	419	10663009	101713	419	421	1	0
S	samples/place1.mp4	681	000000106764042aace501e0089f9601e1108b2c0000000468ee3c80
P	samples/place1.mp4	0	4421	53864	0	0	1	1
P	samples/place1.mp4	1	58285	18685	1	3	1	0
P	samples/place1.mp4	2	76970	9272	2	1	1	0
P	samples/place1.mp4	3	86242	9891	3	2	1	0
P	samples/place1.mp4	4	96133	19547	4	6	1	0
P	samples/place1.mp4	5	115680	9848	5	4	1	0
P	samples/place1.mp4	6	125528	9820	6	5	1	0
P	samples/place1.mp4	7	135348	19634	7	9	1	0
P	samples/place1.mp4	8	154982	9969	8	7	1	0
P	samples/place1.mp4	9	164951	10117	9	8	1	0
P	samples/place1.mp4	10	175068	20777	10	12	1	0
P	samples/place1.mp4	11	195845	10269	11	10	1	0
P	samples/place1.mp4	12	206114	10269	12	11	1	0
P	samples/place1.mp4	13	216383	19397	13	15	1	0
P	samples/place1.mp4	14	235780	10102	14	13	1	0
P	samples/place1.mp4	15	245882	10000	15	14	1	0
P	samples/place1.mp4	16	255882	21649	16	18	1	0
P	samples/place1.mp4	17	277531	10896	17	16	1	0
P	samples/place1.mp4	18	288427	10831	18	17	1	0
P	samples/place1.mp4	19	299258	20384	19	21	1	0
P	samples/place1.mp4	20	319642	10552	20	19	1	0
P	samples/place1.mp4	21	330194	10287	21	20	1	0
P	samples/place1.mp4	22	340481	19418	22	24	1	0
P	samples/place1.mp4	23	359899	10227	23	22	1	0
P	samples/place1.mp4	24	370126	10753	24	23	1	0
P	samples/place1.mp4	25	380879	17682	25	27	1	0
P	samples/place1.mp4	26	398561	8519	26	25	1	0
P	samples/place1.mp4	27	407080	3374	27	26	1	0
P	samples/place1.mp4	28	410454	23964	28	30	1	0
P	samples/place1.mp4	29	434418	10775	29	28	1	0
P	samples/place1.mp4	30	445193	12330	30	29	1	0
P	samples/place1.mp4	31	457523	21000	31	33	1	0
P	samples/place1.mp4	32	478523	11710	32	31	1	0
P	samples/place1.mp4	33	490233	11518	33	32	1	0
P	samples/place1.mp4	34	501751	21550	34	36	1	0
P	samples/place1.mp4	35	523301	11578	35	34	1	0
P	samples/place1.mp4	36	534879	11785	36	35	1	0
P	samples/place1.mp4	37	546664	20369	37	39	1	0
P	samples/place1.mp4	38	567033	11687	38	37	1	0
P	samples/place1.mp4	39	578720	11309	39	38	1	0
P	samples/place1.mp4	40	590029	20287	40	42	1	0
P	samples/place1.mp4	41	610316	11272	41	40	1	0
P	samples/place1.mp4	42	621588	11410	42	41	1	0
P	samples/place1.mp4	43	632998	20587	43	45	1	0
P	samples/place1.mp4	44	653585	11458	44	43	1	0
P	samples/place1.mp4	45	665043	11458	45	44	1	0
P	samples/place1.mp4	46	676501	18801	46	48	1	0
P	samples/place1.mp4	47	695302	9355	47	46	1	0
P	samples/place1.mp4	48	704657	9821	48	47	1	0
P	samples/place1.mp4	49	714478	19938	49	51	1	0
P	samples/place1.mp4	50	734416	9561	50	49	1	0
P	samples/place1.mp4	51	743977	10157	51	50	1	0
P	samples/place1.mp4	52	754134	17157	52	54	1	0
P	samples/place1.mp4	53	771291	8302	53	52	1	0
P	samples/place1.mp4	54	779593	3903	54	53	1	0
P	samples/place1.mp4	55	783496	19353	55	57	1	0
P	samples/place1.mp4	56	802849	8049	56	55	1	0
P	samples/place1.mp4	57	810898	8973	57	56	1	0
P	samples/place1.mp4	58	819871	18496	58	60	1	0
P	samples/place1.mp4	59	838367	7592	59	58	1	0
P	samples/place1.mp4	60	845959	3628	60	59	1	0
P	samples/place1.mp4	61	849587	21245	61	63	1	0
P	samples/place1.mp4	62	870832	8632	62	61	1	0
P	samples/place1.mp4	63	879464	10183	63	62	1	0
P	samples/place1.mp4	64	889647	19741	64	66	1	0
P	samples/place1.mp4	65	909388	9086	65	64	1	0
P	samples/place1.mp4	66	918474	10015	66	65	1	0
P	samples/place1.mp4	67	928489	19765	67	69	1	0
P	samples/place1.mp4	68	948254	9178	68	67	1	0
P	samples/place1.mp4	69	957432	10133	69	68	1	0
P	samples/place1.mp4	70	967565	19108	70	72	1	0
P	samples/place1.mp4	71	986673	8708	71	70	1	0
P	samples/place1.mp4	72	995381	9774	72	71	1	0
P	samples/place1.mp4	73	1005155	17621	73	75	1	0
P	samples/place1.mp4	74	1022776	6882	74	73	1	0
P	samples/place1.mp4	75	1029658	3484	75	74	1	0
P	samples/place1.mp4	76	1033142	20421	76	78	1	0
P	samples/place1.mp4	77	1053563	9167	77	76	1	0
P	samples/place1.mp4	78	1062730	9975	78	77	1	0
P	samples/place1.mp4	79	1072705	27422	79	81	1	0
P	samples/place1.mp4	80	1100127	9616	80	79	1	0
P	samples/place1.mp4	81	1109743	10511	81	80	1	0
P	samples/place1.mp4	82	1120254	26256	82	84	1	0
P	samples/place1.mp4	83	1146510	3464	83	82	1	0
P	samples/place1.mp4	84	1149974	10180	84	83	1	0
P	samples/place1.mp4	85	1160154	25710	85	87	1	0
P	samples/place1.mp4	86	1185864	11860	86	85	1	0
P	samples/place1.mp4	87	1197724	11842	87	86	1	0
P	samples/place1.mp4	88	1209566	21210	88	90	1	0
P	samples/place1.mp4	89	1230776	8719	89	88	1	0
P	samples/place1.mp4	90	1239495	9566	90	89	1	0
P	samples/place1.mp4	91	1249061	19674	91	93	1	0
P	samples/place1.mp4	92	1268735	8266	92	91	1	0
P	samples/place1.mp4	93	1277001	8870	93	92	1	0
P	samples/place1.mp4	94	1285871	18504	94	96	1	0
P	samples/place1.mp4	95	1304375	8214	95	94	1	0
P	samples/place1.mp4	96	1312589	9121	96	95	1	0
P	samples/place1.mp4	97	1321710	17562	97	99	1	0
P	samples/place1.mp4	98	1339272	7759	98	97	1	0
P	samples/place1.mp4	99	1347031	7948	99	98	1	0
P	samples/place1.mp4	100	1354979	19306	100	102	1	0
P	samples/place1.mp4	101	1374285	8152	101	100	1	0
P	samples/place1.mp4	102	1382437	8818	102	101	1	0
P	samples/place1.mp4	103	1391255	18676	103	105	1	0
P	samples/place1.mp4	104	1409931	7889	104	103	1	0
P	samples/place1.mp4	105	1417820	9026	105	104	1	0
P	samples/place1.mp4	106	1426846	18670	106	108	1	0
P	samples/place1.mp4	107	1445516	8386	107	106	1	0
P	samples/place1.mp4	108	1453902	9316	108	107	1	0
P	samples/place1.mp4	109	1463218	18479	109	111	1	0
P	samples/place1.mp4	110	1481697	8450	110	109	1	0
P	samples/place1.mp4	111	1490147	9060	111	110	1	0
P	samples/place1.mp4	112	1499207	18894	112	114	1	0
P	samples/place1.mp4	113	1518101	8007	113	112	1	0
P	samples/place1.mp4	114	1526108	9336	114	113	1	0
P	samples/place1.mp4	115	1535444	18544	115	117	1	0
P	samples/place1.mp4	116	1553988	8372	116	115	1	0
P	samples/place1.mp4	117	1562360	9019	117	116	1	0
P	samples/place1.mp4	118	1571379	18600	118	120	1	0
P	samples/place1.mp4	119	1589979	8273	119	118	1	0
P	samples/place1.mp4	120	1598252	9135	120	119	1	0
P	samples/place1.mp4	121	1607387	18496	121	123	1	0
P	samples/place1.mp4	122	1625883	8158	122	121	1	0
P	samples/place1.mp4	123	1634041	8968	123	122	1	0
P	samples/place1.mp4	124	1643009	17779	124	126	1	0
P	samples/place1.mp4	125	1660788	8547	125	124	1	0
P	samples/place1.mp4	126	1669335	9708	126	125	1	0
P	samples/place1.mp4	127	1679043	19013	127	129	1	0
P	samples/place1.mp4	128	1698056	9255	128	127	1	0
P	samples/place1.mp4	129	1707311	8045	129	128	1	0
P	samples/place1.mp4	130	1715356	18331	130	132	1	0
P	samples/place1.mp4	131	1733687	7949	131	130	1	0
P	samples/place1.mp4	132	1741636	9197	132	131	1	0
P	samples/place1.mp4	133	1750833	18976	133	135	1	0
P	samples/place1.mp4	134	1769809	8429	134	133	1	0
P	samples/place1.mp4	135	1778238	9210	135	134	1	0
P	samples/place1.mp4	136	1787448	18963	136	138	1	0
P	samples/place1.mp4	137	1806411	8392	137	136	1	0
P	samples/place1.mp4	138	1814803	9178	138	137	1	0
P	samples/place1.mp4	139	1823981	19828	139	141	1	0
P	samples/place1.mp4	140	1843809	8527	140	139	1	0
P	samples/place1.mp4	141	1852336	9677	141	140	1	0
P	samples/place1.mp4	142	1862013	18145	142	144	1	0
P	samples/place1.mp4	143	1880158	8223	143	142	1	0
P	samples/place1.mp4	144	1888381	9707	144	143	1	0
P	samples/place1.mp4	145	1898088	19526	145	147	1	0
P	samples/place1.mp4	146	1917614	9351	146	145	1	0
P	samples/place1.mp4	147	1926965	9850	147	146	1	0
P	samples/place1.mp4	148	1936815	18775	148	150	1	0
P	samples/place1.mp4	149	1955590	8166	149	148	1	0
P	samples/place1.mp4	150	1963756	9679	150	149	1	0
P	samples/place1.mp4	151	1973435	18815	151	153	1	0
P	samples/place1.mp4	152	1992250	8448	152	151	1	0
P	samples/place1.mp4	153	2000698	9257	153	152	1	0
P	samples/place1.mp4	154	2009955	18726	154	156	1	0
P	samples/place1.mp4	155	2028681	8314	155	154	1	0
P	samples/place1.mp4	156	2036995	9217	156	155	1	0
P	samples/place1.mp4	157	2046212	18516	157	159	1	0
P	samples/place1.mp4	158	2064728	8256	158	157	1	0
P	samples/place1.mp4	159	2072984	9460	159	158	1	0
P	samples/place1.mp4	160	2082444	15880	160	162	1	0
P	samples/place1.mp4	161	2098324	7511	161	160	1	0
P	samples/place1.mp4	162	2105835	7829	162	161	1	0
P	samples/place1.mp4	163	2113664	18957	163	165	1	0
P	samples/place1.mp4	164	2132621	8401	164	163	1	0
P	samples/place1.mp4	165	2141022	9465	165	164	1	0
P	samples/place1.mp4	166	2150487	18497	166	168	1	0
P	samples/place1.mp4	167	2168984	7721	167	166	1	0
P	samples/place1.mp4	168	2176705	8779	168	167	1	0
P	samples/place1.mp4	169	2185484	18957	169	171	1	0
P	samples/place1.mp4	170	2204441	7613	170	169	1	0
P	samples/place1.mp4	171	2212054	9057	171	170	1	0
P	samples/place1.mp4	172	2221111	18897	172	174	1	0
P	samples/place1.mp4	173	2240008	7716	173	172	1	0
P	samples/place1.mp4	174	2247724	8937	174	173	1	0
P	samples/place1.mp4	175	2256661	19539	175	177	1	0
P	samples/place1.mp4	176	2276200	7538	176	175	1	0
P	samples/place1.mp4	177	2283738	7919	177	176	1	0
P	samples/place1.mp4	178	2291657	18149	178	180	1	0
P	samples/place1.mp4	179	2309806	7276	179	178	1	0
P	samples/place1.mp4	180	2317082	8837	180	179	1	0
P	samples/place1.mp4	181	2325919	18936	181	183	1	0
P	samples/place1.mp4	182	2344855	7835	182	181	1	0
P	samples/place1.mp4	183	2352690	8939	183	182	1	0
P	samples/place1.mp4	184	2361629	18996	184	186	1	0
P	samples/place1.mp4	185	2380625	7919	185	184	1	0
P	samples/place1.mp4	186	2388544	9098	186	185	1	0
P	samples/place1.mp4	187	2397642	18818	187	189	1	0
P	samples/place1.mp4	188	2416460	7766	188	187	1	0
P	samples/place1.mp4	189	2424226	8895	189	188	1	0
P	samples/place1.mp4	190	2433121	18573	190	192	1	0
P	samples/place1.mp4	191	2451694	7904	191	190	1	0
P	samples/place1.mp4	192	2459598	9641	192	191	1	0
P	samples/place1.mp4	193	2469239	19152	193	195	1	0
P	samples/place1.mp4	194	2488391	8807	194	193	1	0
P	samples/place1.mp4	195	2497198	9345	195	194	1	0
P	samples/place1.mp4	196	2506543	18625	196	198	1	0
P	samples/place1.mp4	197	2525168	7857	197	196	1	0
P	samples/place1.mp4	198	2533025	9184	198	197	1	0
P	samples/place1.mp4	199	2542209	18475	199	201	1	0
P	samples/place1.mp4	200	2560684	7580	200	199	1	0
P	samples/place1.mp4	201	2568264	8883	201	200	1	0
P	samples/place1.mp4	202	2577147	18244	202	204	1	0
P	samples/place1.mp4	203	2595391	7263	203	202	1	0
P	samples/place1.mp4	204	2602654	8795	204	203	1	0
P	samples/place1.mp4	205	2611449	18302	205	207	1	0
P	samples/place1.mp4	206	2629751	7783	206	205	1	0
P	samples/place1.mp4	207	2637534	8494	207	206	1	0
P	samples/place1.mp4	208	2646028	18421	208	210	1	0
P	samples/place1.mp4	209	2664449	7525	209	208	1	0
P	samples/place1.mp4	210	2671974	7470	210	209	1	0
P	samples/place1.mp4	211	2679444	17407	211	213	1	0
P	samples/place1.mp4	212	2696851	7217	212	211	1	0
P	samples/place1.mp4	213	2704068	9073	213	212	1	0
P	samples/place1.mp4	214	2713141	16113	214	216	1	0
P	samples/place1.mp4	215	2729254	7074	215	214	1	0
P	samples/place1.mp4	216	2736328	2194	216	215	1	0
P	samples/place1.mp4	217	2738522	18152	217	219	1	0
P	samples/place1.mp4	218	2756674	7203	218	217	1	0
P	samples/place1.mp4	219	2763877	8101	219	218	1	0
P	samples/place1.mp4	220	2771978	18294	220	222	1	0
P	samples/place1.mp4	221	2790272	6948	221	220	1	0
P	samples/place1.mp4	222	2797220	8354	222	221	1	0
P	samples/place1.mp4	223	2805574	18582	223	225	1	0
P	samples/place1.mp4	224	2824156	6816	224	223	1	0
P	samples/place1.mp4	225	2830972	7123	225	224	1	0
P	samples/place1.mp4	226	2838095	17351	226	228	1	0
P	samples/place1.mp4	227	2855446	6785	227	226	1	0
P	samples/place1.mp4	228	2862231	6857	228	227	1	0
P	samples/place1.mp4	229	2869088	17906	229	231	1	0
P	samples/place1.mp4	230	2886994	7196	230	229	1	0
P	samples/place1.mp4	231	2894190	8284	231	230	1	0
P	samples/place1.mp4	232	2902474	18506	232	234	1	0
P	samples/place1.mp4	233	2920980	7360	233	232	1	0
P	samples/place1.mp4	234	2928340	8206	234	233	1	0
P	samples/place1.mp4	235	2936546	18243	235	237	1	0
P	samples/place1.mp4	236	2954789	6786	236	235	1	0
P	samples/place1.mp4	237	2961575	8104	237	236	1	0
P	samples/place1.mp4	238	2969679	19363	238	240	1	0
P	samples/place1.mp4	239	2989042	7588	239	238	1	0
P	samples/place1.mp4	240	2996630	9971	240	239	1	0
P	samples/place1.mp4	241	3006601	19979	241	243	1	0
P	samples/place1.mp4	242	3026580	12668	242	241	1	0
P	samples/place1.mp4	243	3039248	11553	243	242	1	0
P	samples/place1.mp4	244	3050801	19761	244	246	1	0
P	samples/place1.mp4	245	3070562	10531	245	244	1	0
P	samples/place1.mp4	246	3081093	11625	246	245	1	0
P	samples/place1.mp4	247	3092718	20384	247	249	1	0
P	samples/place1.mp4	248	3113102	9621	248	247	1	0
P	samples/place1.mp4	249	3122723	9539	249	248	1	0
P	samples/place1.mp4	250	3235270	37901	250	250	1	1
P	samples/place1.mp4	251	3273171	21211	251	253	1	0
P	samples/place1.mp4	252	3294382	10207	252	251	1	0
P	samples/place1.mp4	253	3304589	10089	253	252	1	0
P	samples/place1.mp4	254	3314678	14080	254	256	1	0
P	samples/place1.mp4	255	3328758	2221	255	254	1	0
P	samples/place1.mp4	256	3330979	6275	256	255	1	0
P	samples/place1.mp4	257	3337254	18475	257	259	1	0
P	samples/place1.mp4	258	3355729	8917	258	257	1	0
P	samples/place1.mp4	259	3364646	8731	259	258	1	0
P	samples/place1.mp4	260	3373377	18263	260	262	1	0
P	samples/place1.mp4	261	3391640	8971	261	260	1	0
P	samples/place1.mp4	262	3400611	9318	262	261	1	0
P	samples/place1.mp4	263	3409929	17734	263	265	1	0
P	samples/place1.mp4	264	3427663	9071	264	263	1	0
P	samples/place1.mp4	265	3436734	9500	265	264	1	0
P	samples/place1.mp4	266	3446234	17653	266	268	1	0
P	samples/place1.mp4	267	3463887	9119	267	266	1	0
P	samples/place1.mp4	268	3473006	9116	268	267	1	0
P	samples/place1.mp4	269	3482122	18140	269	271	1	0
P	samples/place1.mp4	270	3500262	9445	270	269	1	0
P	samples/place1.mp4	271	3509707	9556	271	270	1	0
P	samples/place1.mp4	272	3519263	18103	272	274	1	0
P	samples/place1.mp4	273	3537366	9411	273	272	1	0
P	samples/place1.mp4	274	3546777	9823	274	273	1	0
P	samples/place1.mp4	275	3556600	17075	275	277	1	0
P	samples/place1.mp4	276	3573675	9200	276	275	1	0
P	samples/place1.mp4	277	3582875	9136	277	276	1	0
P	samples/place1.mp4	278	3592011	16999	278	280	1	0
P	samples/place1.mp4	279	3609010	8243	279	278	1	0
P	samples/place1.mp4	280	3617253	7891	280	279	1	0
P	samples/place1.mp4	281	3625144	15565	281	283	1	0
P	samples/place1.mp4	282	3640709	7704	282	281	1	0
P	samples/place1.mp4	283	3648413	7635	283	282	1	0
P	samples/place1.mp4	284	3656048	16078	284	286	1	0
P	samples/place1.mp4	285	3672126	7725	285	284	1	0
P	samples/place1.mp4	286	3679851	8141	286	285	1	0
P	samples/place1.mp4	287	3687992	17536	287	289	1	0
P	samples/place1.mp4	288	3705528	7672	288	287	1	0
P	samples/place1.mp4	289	3713200	7412	289	288	1	0
P	samples/place1.mp4	290	3720612	16542	290	292	1	0
P	samples/place1.mp4	291	3737154	7684	291	290	1	0
P	samples/place1.mp4	292	3744838	7730	292	291	1	0
P	samples/place1.mp4	293	3752568	17889	293	295	1	0
P	samples/place1.mp4	294	3770457	7628	294	293	1	0
P	samples/place1.mp4	295	3778085	6710	295	294	1	0
P	samples/place1.mp4	296	3784795	16618	296	298	1	0
P	samples/place1.mp4	297	3801413	6395	297	296	1	0
P	samples/place1.mp4	298	3807808	7709	298	297	1	0
P	samples/place1.mp4	299	3815517	17418	299	301	1	0
P	samples/place1.mp4	300	3832935	5824	300	299	1	0
P	samples/place1.mp4	301	3838759	6988	301	300	1	0
P	samples/place1.mp4	302	3845747	18257	302	304	1	0
P	samples/place1.mp4	303	3864004	6343	303	302	1	0
P	samples/place1.mp4	304	3870347	7754	304	303	1	0
P	samples/place1.mp4	305	3878101	18716	305	307	1	0
P	samples/place1.mp4	306	3896817	7352	306	305	1	0
P	samples/place1.mp4	307	3904169	6476	307	306	1	0
P	samples/place1.mp4	308	3910645	14985	308	310	1	0
P	samples/place1.mp4	309	3925630	2553	309	308	1	0
P	samples/place1.mp4	310	3928183	5164	310	309	1	0
P	samples/place1.mp4	311	3933347	19036	311	313	1	0
P	samples/place1.mp4	312	3952383	6563	312	311	1	0
P	samples/place1.mp4	313	3958946	8226	313	312	1	0
P	samples/place1.mp4	314	3967172	19603	314	316	1	0
P	samples/place1.mp4	315	3986775	8272	315	314	1	0
P	samples/place1.mp4	316	3995047	6545	316	315	1	0
P	samples/place1.mp4	317	4001592	20484	317	319	1	0
P	samples/place1.mp4	318	4022076	6688	318	317	1	0
P	samples/place1.mp4	319	4028764	6674	319	318	1	0
P	samples/place1.mp4	320	4035438	23443	320	322	1	0
P	samples/place1.mp4	321	4058881	7743	321	320	1	0
P	samples/place1.mp4	322	4066624	11131	322	321	1	0
P	samples/place1.mp4	323	4077755	27195	323	325	1	0
P	samples/place1.mp4	324	4104950	14506	324	323	1	0
P	samples/place1.mp4	325	4119456	13983	325	324	1	0
P	samples/place1.mp4	326	4133439	25643	326	328	1	0
P	samples/place1.mp4	327	4159082	13990	327	326	1	0
P	samples/place1.mp4	328	4173072	15935	328	327	1	0
P	samples/place1.mp4	329	4189007	25019	329	331	1	0
P	samples/place1.mp4	330	4214026	12924	330	329	1	0
P	samples/place1.mp4	331	4226950	1087	331	330	1	0
P	samples/place1.mp4	332	4228037	32271	332	334	1	0
P	samples/place1.mp4	333	4260308	14047	333	332	1	0
P	samples/place1.mp4	334	4274355	1317	334	333	1	0
P	samples/place1.mp4	335	4275672	33410	335	337	1	0
P	samples/place1.mp4	336	4309082	14350	336	335	1	0
P	samples/place1.mp4	337	4323432	11959	337	336	1	0
P	samples/place1.mp4	338	4335391	26358	338	340	1	0
P	samples/place1.mp4	339	4361749	9966	339	338	1	0
P	samples/place1.mp4	340	4371715	12675	340	339	1	0
P	samples/place1.mp4	341	4384390	27637	341	343	1	0
P	samples/place1.mp4	342	4412027	12937	342	341	1	0
P	samples/place1.mp4	343	4424964	10554	343	342	1	0
P	samples/place1.mp4	344	4435518	29158	344	346	1	0
P	samples/place1.mp4	345	4464676	10649	345	344	1	0
P	samples/place1.mp4	346	4475325	13393	346	345	1	0
P	samples/place1.mp4	347	4488718	27509	347	349	1	0
P	samples/place1.mp4	348	4516227	3169	348	347	1	0
P	samples/place1.mp4	349	4519396	9207	349	348	1	0
P	samples/place1.mp4	350	4528603	26845	350	352	1	0
P	samples/place1.mp4	351	4555448	12038	351	350	1	0
P	samples/place1.mp4	352	4567486	10451	352	351	1	0
P	samples/place1.mp4	353	4577937	28882	353	355	1	0
P	samples/place1.mp4	354	4606819	10335	354	353	1	0
P	samples/place1.mp4	355	4617154	12808	355	354	1	0
P	samples/place1.mp4	356	4629962	28049	356	358	1	0
P	samples/place1.mp4	357	4658011	9945	357	356	1	0
P	samples/place1.mp4	358	4667956	12628	358	357	1	0
P	samples/place1.mp4	359	4680584	30295	359	361	1	0
P	samples/place1.mp4	360	4710879	12215	360	359	1	0
P	samples/place1.mp4	361	4723094	10565	361	360	1	0
P	samples/place1.mp4	362	4733659	31719	362	364	1	0
P	samples/place1.mp4	363	4765378	11141	363	362	1	0
P	samples/place1.mp4	364	4776519	14338	364	363	1	0
P	samples/place1.mp4	365	4790857	29878	365	367	1	0
P	samples/place1.mp4	366	4820735	12994	366	365	1	0
P	samples/place1.mp4	367	4833729	11057	367	366	1	0
P	samples/place1.mp4	368	4844786	32777	368	370	1	0
P	samples/place1.mp4	369	4877563	10423	369	368	1	0
P	samples/place1.mp4	370	4887986	13172	370	369	1	0
P	samples/place1.mp4	371	4901158	31459	371	373	1	0
P	samples/place1.mp4	372	4932617	9738	372	371	1	0
P	samples/place1.mp4	373	4942355	12853	373	372	1	0
P	samples/place1.mp4	374	4955208	24750	374	376	1	0
P	samples/place1.mp4	375	4979958	4523	375	374	1	0
P	samples/place1.mp4	376	4984481	7062	376	375	1	0
P	samples/place1.mp4	377	4991543	31427	377	379	1	0
P	samples/place1.mp4	378	5022970	9108	378	377	1	0
P	samples/place1.mp4	379	5032078	13089	379	378	1	0
P	samples/place1.mp4	380	5045167	23888	380	382	1	0
P	samples/place1.mp4	381	5069055	8810	381	380	1	0
P	samples/place1.mp4	382	5077865	9913	382	381	1	0
P	samples/place1.mp4	383	5087778	28008	383	385	1	0
P	samples/place1.mp4	384	5115786	9332	384	383	1	0
P	samples/place1.mp4	385	5125118	11047	385	384	1	0
P	samples/place1.mp4	386	5136165	25932	386	388	1	0
P	samples/place1.mp4	387	5162097	8628	387	386	1	0
P	samples/place1.mp4	388	5170725	7048	388	387	1	0
P	samples/place1.mp4	389	5177773	23883	389	391	1	0
P	samples/place1.mp4	390	5201656	6533	390	389	1	0
P	samples/place1.mp4	391	5208189	9125	391	390	1	0
P	samples/place1.mp4	392	5217314	24885	392	394	1	0
P	samples/place1.mp4	393	5242199	7622	393	392	1	0
P	samples/place1.mp4	394	5249821	9681	394	393	1	0
P	samples/place1.mp4	395	5259502	23950	395	397	1	0
P	samples/place1.mp4	396	5283452	7701	396	395	1	0
P	samples/place1.mp4	397	5291153	7154	397	396	1	0
P	samples/place1.mp4	398	5298307	20132	398	400	1	0
P	samples/place1.mp4	399	5318439	6370	399	398	1	0
P	samples/place1.mp4	400	5324809	5387	400	399	1	0
P	samples/place1.mp4	401	5330196	21563	401	403	1	0
P	samples/place1.mp4	402	5351759	5410	402	401	1	0
P	samples/place1.mp4	403	5357169	8106	403	402	1	0
P	samples/place1.mp4	404	5365275	19850	404	406	1	0
P	samples/place1.mp4	405	5385125	6117	405	404	1	0
P	samples/place1.mp4	406	5391242	4769	406	405	1	0
P	samples/place1.mp4	407	5396011	20265	407	409	1	0
P	samples/place1.mp4	408	5416276	3936	408	407	1	0
P	samples/place1.mp4	409	5420212	7132	409	408	1	0
P	samples/place1.mp4	410	5427344	19909	410	412	1	0
P	samples/place1.mp4	411	5447253	4461	411	410	1	0
P	samples/place1.mp4	412	5451714	6897	412	411	1	0
P	samples/place1.mp4	413	5458611	18160	413	415	1	0
P	samples/place1.mp4	414	5476771	4181	414	413	1	0
P	samples/place1.mp4	415	5480952	6080	415	414	1	0
P	samples/place1.mp4	416	5487032	18176	416	418	1	0
P	samples/place1.mp4	417	5505208	4132	417	416	1	0
P	samples/place1.mp4	418	5509340	6295	418	417	1	0
P	samples/place1.mp4	419	5515635	16766	419	421	1	0
P	samples/place1.mp4	420	5532401	3472	420	419	1	0
P	samples/place1.mp4	421	5535873	2932	421	420	1	0
P	samples/place1.mp4	422	5538805	15812	422	424	1	0
P	samples/place1.mp4	423	5554617	2133	423	422	1	0
P	samples/place1.mp4	424	5556750	4466	424	423	1	0
P	samples/place1.mp4	425	5561216	17806	425	427	1	0
P	samples/place1.mp4	426	5579022	3746	426	425	1	0
P	samples/place1.mp4	427	5582768	3257	427	426	1	0
P	samples/place1.mp4	428	5586025	17528	428	430	1	0
P	samples/place1.mp4	429	5603553	1932	429	428	1	0
P	samples/place1.mp4	430	5605485	2752	430	429	1	0
P	samples/place1.mp4	431	5608237	16114	431	433	1	0
P	samples/place1.mp4	432	5624351	2043	432	431	1	0
P	samples/place1.mp4	433	5626394	4136	433	432	1	0
P	samples/place1.mp4	434	5630530	17353	434	436	1	0
P	samples/place1.mp4	435	5647883	3116	435	434	1	0
P	samples/place1.mp4	436	5650999	2827	436	435	1	0
P	samples/place1.mp4	437	5653826	16208	437	439	1	0
P	samples/place1.mp4	438	5670034	1826	438	437	1	0
P	samples/place1.mp4	439	5671860	3937	439	438	1	0
P	samples/place1.mp4	440	5675797	17196	440	442	1	0
P	samples/place1.mp4	441	5692993	2916	441	440	1	0
P	samples/place1.mp4	442	5695909	3685	442	441	1	0
P	samples/place1.mp4	443	5699594	15459	443	445	1	0
P	samples/place1.mp4	444	5715053	2584	444	443	1	0
P	samples/place1.mp4	445	5717637	2644	445	444	1	0
P	samples/place1.mp4	446	5720281	12545	446	448	1	0
P	samples/place1.mp4	447	5732826	1747	447	446	1	0
P	samples/place1.mp4	448	5734573	2448	448	447	1	0
P	samples/place1.mp4	449	5737021	14393	449	451	1	0
P	samples/place1.mp4	450	5751414	2427	450	449	1	0
P	samples/place1.mp4	451	5753841	3162	451	450	1	0
P	samples/place1.mp4	452	5757003	14478	452	454	1	0
P	samples/place1.mp4	453	5771481	2551	453	452	1	0
P	samples/place1.mp4	454	5774032	3185	454	453	1	0
P	samples/place1.mp4	455	5777217	14098	455	457	1	0
P	samples/place1.mp4	456	5791315	2410	456	455	1	0
P	samples/place1.mp4	457	5793725	3093	457	456	1	0
P	samples/place1.mp4	458	5796818	15337	458	460	1	0
P	samples/place1.mp4	459	5812155	2389	459	458	1	0
P	samples/place1.mp4	460	5814544	3259	460	459	1	0
P	samples/place1.mp4	461	5817803	14167	461	463	1	0
P	samples/place1.mp4	462	5831970	1766	462	461	1	0
P	samples/place1.mp4	463	5833736	3183	463	462	1	0
P	samples/place1.mp4	464	5836919	12840	464	466	1	0
P	samples/place1.mp4	465	5849759	2245	465	464	1	0
P	samples/place1.mp4	466	5852004	2852	466	465	1	0
P	samples/place1.mp4	467	5854856	13972	467	469	1	0
P	samples/place1.mp4	468	5868828	2323	468	467	1	0
P	samples/place1.mp4	469	5871151	2974	469	468	1	0
P	samples/place1.mp4	470	5874125	14019	470	472	1	0
P	samples/place1.mp4	471	5888144	2269	471	470	1	0
P	samples/place1.mp4	472	5890413	3034	472	471	1	0
P	samples/place1.mp4	473	5893447	11976	473	475	1	0
P	samples/place1.mp4	474	5905423	1878	474	473	1	0
P	samples/place1.mp4	475	5907301	2287	475	474	1	0
P	samples/place1.mp4	476	5909588	13342	476	478	1	0
P	samples/place1.mp4	477	5922930	1085	477	476	1	0
P	samples/place1.mp4	478	5924015	1842	478	477	1	0
P	samples/place1.mp4	479	5925857	12743	479	481	1	0
P	samples/place1.mp4	480	5938600	2005	480	479	1	0
P	samples/place1.mp4	481	5940605	2642	481	480	1	0
P	samples/place1.mp4	482	5943247	14088	482	484	1	0
P	samples/place1.mp4	483	5957335	2362	483	482	1	0
P	samples/place1.mp4	484	5959697	3043	484	483	1	0
P	samples/place1.mp4	485	5962740	12657	485	487	1	0
P	samples/place1.mp4	486	5975397	2162	486	485	1	0
P	samples/place1.mp4	487	5977559	2653	487	486	1	0
P	samples/place1.mp4	488	5980212	12045	488	490	1	0
P	samples/place1.mp4	489	5992257	2258	489	488	1	0
P	samples/place1.mp4	490	5994515	2735	490	489	1	0
P	samples/place1.mp4	491	5997250	13380	491	493	1	0
P	samples/place1.mp4	492	6010630	2242	492	491	1	0
P	samples/place1.mp4	493	6012872	2152	493	492	1	0
P	samples/place1.mp4	494	6015024	9813	494	496	1	0
P	samples/place1.mp4	495	6024837	1649	495	494	1	0
P	samples/place1.mp4	496	6026486	1291	496	495	1	0
P	samples/place1.mp4	497	6027777	22077	497	499	1	0
P	samples/place1.mp4	498	6049854	4666	498	497	1	0
P	samples/place1.mp4	499	6054520	8116	499	498	1	0
P	samples/place1.mp4	500	6164648	63583	500	500	1	1
P	samples/place1.mp4	501	6228231	33628	501	503	1	0
P	samples/place1.mp4	502	6261859	14324	502	501	1	0
P	samples/place1.mp4	503	6276183	14354	503	502	1	0
P	samples/place1.mp4	504	6290537	31992	504	506	1	0
P	samples/place1.mp4	505	6322529	13887	505	504	1	0
P	samples/place1.mp4	506	6336416	14061	506	505	1	0
P	samples/place1.mp4	507	6350477	31823	507	509	1	0
P	samples/place1.mp4	508	6382300	14914	508	507	1	0
P	samples/place1.mp4	509	6397214	17393	509	508	1	0
P	samples/place1.mp4	510	6414607	32220	510	512	1	0
P	samples/place1.mp4	511	6446827	15313	511	510	1	0
P	samples/place1.mp4	512	6462140	938	512	511	1	0
P	samples/place1.mp4	513	6463078	38853	513	515	1	0
P	samples/place1.mp4	514	6501931	18942	514	513	1	0
P	samples/place1.mp4	515	6520873	20924	515	514	1	0
P	samples/place1.mp4	516	6541797	47963	516	518	1	0
P	samples/place1.mp4	517	6589760	19748	517	516	1	0
P	samples/place1.mp4	518	6609508	16559	518	517	1	0
P	samples/place1.mp4	519	6626067	29833	519	521	1	0
P	samples/place1.mp4	520	6655900	9830	520	519	1	0
P	samples/place1.mp4	521	6665730	12809	521	520	1	0
P	samples/place1.mp4	522	6678539	31082	522	524	1	0
P	samples/place1.mp4	523	6709621	12793	523	522	1	0
P	samples/place1.mp4	524	6722414	13760	524	523	1	0
P	samples/place1.mp4	525	6736174	34798	525	527	1	0
P	samples/place1.mp4	526	6770972	13155	526	525	1	0
P	samples/place1.mp4	527	6784127	15587	527	526	1	0
P	samples/place1.mp4	528	6799714	33926	528	530	1	0
P	samples/place1.mp4	529	6833640	14119	529	528	1	0
P	samples/place1.mp4	530	6847759	10361	530	529	1	0
P	samples/place1.mp4	531	6858120	35079	531	533	1	0
P	samples/place1.mp4	532	6893199	12192	532	531	1	0
P	samples/place1.mp4	533	6905391	15271	533	532	1	0
P	samples/place1.mp4	534	6920662	33741	534	536	1	0
P	samples/place1.mp4	535	6954403	14210	535	534	1	0
P	samples/place1.mp4	536	6968613	10242	536	535	1	0
P	samples/place1.mp4	537	6978855	34163	537	539	1	0
P	samples/place1.mp4	538	7013018	13027	538	537	1	0
P	samples/place1.mp4	539	7026045	10190	539	538	1	0
P	samples/place1.mp4	540	7036235	35258	540	542	1	0
P	samples/place1.mp4	541	7071493	11389	541	540	1	0
P	samples/place1.mp4	542	7082882	15116	542	541	1	0
P	samples/place1.mp4	543	7097998	35673	543	545	1	0
P	samples/place1.mp4	544	7133671	12684	544	543	1	0
P	samples/place1.mp4	545	7146355	9285	545	544	1	0
P	samples/place1.mp4	546	7155640	31927	546	548	1	0
P	samples/place1.mp4	547	7187567	8178	547	546	1	0
P	samples/place1.mp4	548	7195745	12941	548	547	1	0
P	samples/place1.mp4	549	7208686	30537	549	551	1	0
P	samples/place1.mp4	550	7239223	10405	550	549	1	0
P	samples/place1.mp4	551	7249628	7878	551	550	1	0
P	samples/place1.mp4	552	7257506	30646	552	554	1	0
P	samples/place1.mp4	553	7288152	7668	553	552	1	0
P	samples/place1.mp4	554	7295820	11636	554	553	1	0
P	samples/place1.mp4	555	7307456	30716	555	557	1	0
P	samples/place1.mp4	556	7338172	9911	556	555	1	0
P	samples/place1.mp4	557	7348083	8652	557	556	1	0
P	samples/place1.mp4	558	7356735	27248	558	560	1	0
P	samples/place1.mp4	559	7383983	8772	559	558	1	0
P	samples/place1.mp4	560	7392755	6408	560	559	1	0
P	samples/place1.mp4	561	7399163	27907	561	563	1	0
P	samples/place1.mp4	562	7427070	5178	562	561	1	0
P	samples/place1.mp4	563	7432248	6334	563	562	1	0
P	samples/place1.mp4	564	7438582	26302	564	566	1	0
P	samples/place1.mp4	565	7464884	6709	565	564	1	0
P	samples/place1.mp4	566	7471593	9316	566	565	1	0
P	samples/place1.mp4	567	7480909	26463	567	569	1	0
P	samples/place1.mp4	568	7507372	8166	568	567	1	0
P	samples/place1.mp4	569	7515538	6506	569	568	1	0
P	samples/place1.mp4	570	7522044	26195	570	572	1	0
P	samples/place1.mp4	571	7548239	5930	571	570	1	0
P	samples/place1.mp4	572	7554169	9272	572	571	1	0
P	samples/place1.mp4	573	7563441	26375	573	575	1	0
P	samples/place1.mp4	574	7589816	8036	574	573	1	0
P	samples/place1.mp4	575	7597852	9607	575	574	1	0
P	samples/place1.mp4	576	7607459	25201	576	578	1	0
P	samples/place1.mp4	577	7632660	7524	577	576	1	0
P	samples/place1.mp4	578	7640184	6806	578	577	1	0
P	samples/place1.mp4	579	7646990	23175	579	581	1	0
P	samples/place1.mp4	580	7670165	7838	580	579	1	0
P	samples/place1.mp4	581	7678003	5875	581	580	1	0
P	samples/place1.mp4	582	7683878	23722	582	584	1	0
P	samples/place1.mp4	583	7707600	5439	583	582	1	0
P	samples/place1.mp4	584	7713039	8787	584	583	1	0
P	samples/place1.mp4	585	7721826	24292	585	587	1	0
P	samples/place1.mp4	586	7746118	7647	586	585	1	0
P	samples/place1.mp4	587	7753765	5489	587	586	1	0
P	samples/place1.mp4	588	7759254	19572	588	590	1	0
P	samples/place1.mp4	589	7778826	3383	589	588	1	0
P	samples/place1.mp4	590	7782209	2412	590	589	1	0
P	samples/place1.mp4	591	7784621	29175	591	593	1	0
P	samples/place1.mp4	592	7813796	7304	592	591	1	0
P	samples/place1.mp4	593	7821100	9499	593	592	1	0
P	samples/place1.mp4	594	7830599	30305	594	596	1	0
P	samples/place1.mp4	595	7860904	28393	595	594	1	0
P	samples/place1.mp4	596	7889297	19017	596	595	1	0
P	samples/place1.mp4	597	7908314	27958	597	599	1	0
P	samples/place1.mp4	598	7936272	16764	598	597	1	0
P	samples/place1.mp4	599	7953036	17449	599	598	1	0
P	samples/place1.mp4	600	7970485	35173	600	602	1	0
P	samples/place1.mp4	601	8005658	13031	601	600	1	0
P	samples/place1.mp4	602	8018689	14631	602	601	1	0
P	samples/place1.mp4	603	8033320	18866	603	605	1	0
P	samples/place1.mp4	604	8052186	5258	604	603	1	0
P	samples/place1.mp4	605	8057444	5258	605	604	1	0
P	samples/place1.mp4	606	8062702	11277	606	608	1	0
P	samples/place1.mp4	607	8073979	2021	607	606	1	0
P	samples/place1.mp4	608	8076000	1416	608	607	1	0
P	samples/place1.mp4	609	8077416	12871	609	611	1	0
P	samples/place1.mp4	610	8090287	1269	610	609	1	0
P	samples/place1.mp4	611	8091556	2836	611	610	1	0
P	samples/place1.mp4	612	8094392	14192	612	614	1	0
P	samples/place1.mp4	613	8108584	2833	613	612	1	0
P	samples/place1.mp4	614	8111417	2610	614	613	1	0
P	samples/place1.mp4	615	8114027	13730	615	617	1	0
P	samples/place1.mp4	616	8127757	2470	616	615	1	0
P	samples/place1.mp4	617	8130227	2986	617	616	1	0
P	samples/place1.mp4	618	8133213	14638	618	620	1	0
P	samples/place1.mp4	619	8147851	2490	619	618	1	0
P	samples/place1.mp4	620	8150341	3093	620	619	1	0
P	samples/place1.mp4	621	8153434	14749	621	623	1	0
P	samples/place1.mp4	622	8168183	1652	622	621	1	0
P	samples/place1.mp4	623	8169835	2958	623	622	1	0
P	samples/place1.mp4	624	8172793	11895	624	626	1	0
P	samples/place1.mp4	625	8184688	1056	625	624	1	0
P	samples/place1.mp4	626	8185744	2616	626	625	1	0
P	samples/place1.mp4	627	8188360	10628	627	629	1	0
P	samples/place1.mp4	628	8198988	1897	628	627	1	0
P	samples/place1.mp4	629	8200885	2132	629	628	1	0
P	samples/place1.mp4	630	8203017	9946	630	632	1	0
P	samples/place1.mp4	631	8212963	1186	631	630	1	0
P	samples/place1.mp4	632	8214149	2433	632	631	1	0
P	samples/place1.mp4	633	8216582	22371	633	635	1	0
P	samples/place1.mp4	634	8238953	4175	634	633	1	0
P	samples/place1.mp4	635	8243128	5655	635	634	1	0
P	samples/place1.mp4	636	8248783	24447	636	638	1	0
P	samples/place1.mp4	637	8273230	17664	637	636	1	0
P	samples/place1.mp4	638	8290894	14097	638	637	1	0
P	samples/place1.mp4	639	8304991	29798	639	641	1	0
P	samples/place1.mp4	640	8334789	17504	640	639	1	0
P	samples/place1.mp4	641	8352293	15498	641	640	1	0
P	samples/place1.mp4	642	8367791	25724	642	644	1	0
P	samples/place1.mp4	643	8393515	13193	643	642	1	0
P	samples/place1.mp4	644	8406708	13477	644	643	1	0
P	samples/place1.mp4	645	8420185	25002	645	647	1	0
P	samples/place1.mp4	646	8445187	9684	646	645	1	0
P	samples/place1.mp4	647	8454871	9777	647	646	1	0
P	samples/place1.mp4	648	8464648	30611	648	650	1	0
P	samples/place1.mp4	649	8495259	9826	649	648	1	0
P	samples/place1.mp4	650	8505085	10506	650	649	1	0
P	samples/place1.mp4	651	8515591	18757	651	653	1	0
P	samples/place1.mp4	652	8534348	4235	652	651	1	0
P	samples/place1.mp4	653	8538583	3351	653	652	1	0
P	samples/place1.mp4	654	8541934	15450	654	656	1	0
P	samples/place1.mp4	655	8557384	1733	655	654	1	0
P	samples/place1.mp4	656	8559117	2368	656	655	1	0
P	samples/place1.mp4	657	8561485	15633	657	659	1	0
P	samples/place1.mp4	658	8577118	2644	658	657	1	0
P	samples/place1.mp4	659	8579762	3332	659	658	1	0
P	samples/place1.mp4	660	8583094	15196	660	662	1	0
P	samples/place1.mp4	661	8598290	1635	661	660	1	0
P	samples/place1.mp4	662	8599925	3403	662	661	1	0
P	samples/place1.mp4	663	8603328	9409	663	665	1	0
P	samples/place1.mp4	664	8612737	1377	664	663	1	0
P	samples/place1.mp4	665	8614114	1368	665	664	1	0
P	samples/place1.mp4	666	8615482	17217	666	668	1	0
P	samples/place1.mp4	667	8632699	3607	667	666	1	0
P	samples/place1.mp4	668	8636306	3815	668	667	1	0
P	samples/place1.mp4	669	8640121	17308	669	671	1	0
P	samples/place1.mp4	670	8657429	2821	670	669	1	0
P	samples/place1.mp4	671	8660250	2581	671	670	1	0
P	samples/place1.mp4	672	8662831	12221	672	674	1	0
P	samples/place1.mp4	673	8675052	1848	673	672	1	0
P	samples/place1.mp4	674	8676900	2226	674	673	1	0
P	samples/place1.mp4	675	8679126	15080	675	677	1	0
P	samples/place1.mp4	676	8694206	2489	676	675	1	0
P	samples/place1.mp4	677	8696695	3049	677	676	1	0
P	samples/place1.mp4	678	8699744	14636	678	680	1	0
P	samples/place1.mp4	679	8714380	2282	679	678	1	0
P	samples/place1.mp4	680	8716662	2939	680	679	1	0
S	samples/rest_at_grace.mp4	508	000000106764042aace501e0089f9601e1108b2c0000000468ee3c80
P	samples/rest_at_grace.mp4	0	4421	195008	0	0	1	1
P	samples/rest_at_grace.mp4	1	199429	43715	1	3	1	0
P	samples/rest_at_grace.mp4	2	243144	14238	2	1	1	0
P	samples/rest_at_grace.mp4	3	257382	14238	3	2	1	0
P	samples/rest_at_grace.mp4	4	271620	59855	4	6	1	0
P	samples/rest_at_grace.mp4	5	331475	24138	5	4	1	0
P	samples/rest_at_grace.mp4	6	355613	29952	6	5	1	0
P	samples/rest_at_grace.mp4	7	385565	88490	7	9	1	0
P	samples/rest_at_grace.mp4	8	474055	28851	8	7	1	0
P	samples/rest_at_grace.mp4	9	502906	29147	9	8	1	0
P	samples/rest_at_grace.mp4	10	532053	103382	10	12	1	0
P	samples/rest_at_grace.mp4	11	635435	2959	11	10	1	0
P	samples/rest_at_grace.mp4	12	638394	40636	12	11	1	0
P	samples/rest_at_grace.mp4	13	679030	73677	13	15	1	0
P	samples/rest_at_grace.mp4	14	752707	3819	14	13	1	0
P	samples/rest_at_grace.mp4	15	756526	27475	15	14	1	0
P	samples/rest_at_grace.mp4	16	784001	102701	16	18	1	0
P	samples/rest_at_grace.mp4	17	886702	39668	17	16	1	0
P	samples/rest_at_grace.mp4	18	926370	5723	18	17	1	0
P	samples/rest_at_grace.mp4	19	932093	83942	19	21	1	0
P	samples/rest_at_grace.mp4	20	1016035	30546	20	19	1	0
P	samples/rest_at_grace.mp4	21	1046581	34882	21	20	1	0
P	samples/rest_at_grace.mp4	22	1081463	62971	22	24	1	0
P	samples/rest_at_grace.mp4	23	1144434	29485	23	22	1	0
P	samples/rest_at_grace.mp4	24	1173919	25048	24	23	1	0
P	samples/rest_at_grace.mp4	25	1198967	43453	25	27	1	0
P	samples/rest_at_grace.mp4	26	1242420	24029	26	25	1	0
P	samples/rest_at_grace.mp4	27	1266449	19528	27	26	1	0
P	samples/rest_at_grace.mp4	28	1285977	23543	28	30	1	0
P	samples/rest_at_grace.mp4	29	1309520	6012	29	28	1	0
P	samples/rest_at_grace.mp4	30	1315532	5718	30	29	1	0
P	samples/rest_at_grace.mp4	31	1321250	31235	31	33	1	0
P	samples/rest_at_grace.mp4	32	1352485	15159	32	31	1	0
P	samples/rest_at_grace.mp4	33	1367644	19302	33	32	1	0
P	samples/rest_at_grace.mp4	34	1386946	20158	34	36	1	0
P	samples/rest_at_grace.mp4	35	1407104	10243	35	34	1	0
P	samples/rest_at_grace.mp4	36	1417347	6375	36	35	1	0
P	samples/rest_at_grace.mp4	37	1423722	14313	37	39	1	0
P	samples/rest_at_grace.mp4	38	1438035	3746	38	37	1	0
P	samples/rest_at_grace.mp4	39	1441781	4246	39	38	1	0
P	samples/rest_at_grace.mp4	40	1446027	14260	40	42	1	0
P	samples/rest_at_grace.mp4	41	1460287	1209	41	40	1	0
P	samples/rest_at_grace.mp4	42	1461496	3956	42	41	1	0
P	samples/rest_at_grace.mp4	43	1465452	17003	43	45	1	0
P	samples/rest_at_grace.mp4	44	1482455	1715	44	43	1	0
P	samples/rest_at_grace.mp4	45	1484170	4019	45	44	1	0
P	samples/rest_at_grace.mp4	46	1488189	8540	46	48	1	0
P	samples/rest_at_grace.mp4	47	1496729	1588	47	46	1	0
P	samples/rest_at_grace.mp4	48	1498317	242	48	47	1	0
P	samples/rest_at_grace.mp4	49	1498559	5107	49	51	1	0
P	samples/rest_at_grace.mp4	50	1503666	679	50	49	1	0
P	samples/rest_at_grace.mp4	51	1504345	4133	51	50	1	0
P	samples/rest_at_grace.mp4	52	1508478	2305	52	54	1	0
P	samples/rest_at_grace.mp4	53	1510783	159	53	52	1	0
P	samples/rest_at_grace.mp4	54	1510942	156	54	53	1	0
P	samples/rest_at_grace.mp4	55	1511098	698	55	57	1	0
P	samples/rest_at_grace.mp4	56	1511796	102	56	55	1	0
P	samples/rest_at_grace.mp4	57	1511898	107	57	56	1	0
P	samples/rest_at_grace.mp4	58	1512005	735	58	60	1	0
P	samples/rest_at_grace.mp4	59	1512740	107	59	58	1	0
P	samples/rest_at_grace.mp4	60	1512847	166	60	59	1	0
P	samples/rest_at_grace.mp4	61	1513013	829	61	63	1	0
P	samples/rest_at_grace.mp4	62	1513842	173	62	61	1	0
P	samples/rest_at_grace.mp4	63	1514015	123	63	62	1	0
P	samples/rest_at_grace.mp4	64	1514138	1502	64	66	1	0
P	samples/rest_at_grace.mp4	65	1515640	188	65	64	1	0
P	samples/rest_at_grace.mp4	66	1515828	328	66	65	1	0
P	samples/rest_at_grace.mp4	67	1516156	1964	67	69	1	0
P	samples/rest_at_grace.mp4	68	1518120	254	68	67	1	0
P	samples/rest_at_grace.mp4	69	1518374	343	69	68	1	0
P	samples/rest_at_grace.mp4	70	1518717	1891	70	72	1	0
P	samples/rest_at_grace.mp4	71	1520608	379	71	70	1	0
P	samples/rest_at_grace.mp4	72	1520987	338	72	71	1	0
P	samples/rest_at_grace.mp4	73	1521325	1792	73	75	1	0
P	samples/rest_at_grace.mp4	74	1523117	306	74	73	1	0
P	samples/rest_at_grace.mp4	75	1523423	229	75	74	1	0
P	samples/rest_at_grace.mp4	76	1523652	1690	76	78	1	0
P	samples/rest_at_grace.mp4	77	1525342	275	77	76	1	0
P	samples/rest_at_grace.mp4	78	1525617	273	78	77	1	0
P	samples/rest_at_grace.mp4	79	1525890	1265	79	81	1	0
P	samples/rest_at_grace.mp4	80	1527155	238	80	79	1	0
P	samples/rest_at_grace.mp4	81	1527393	186	81	80	1	0
P	samples/rest_at_grace.mp4	82	1527579	1106	82	84	1	0
P	samples/rest_at_grace.mp4	83	1528685	175	83	82	1	0
P	samples/rest_at_grace.mp4	84	1528860	315	84	83	1	0
P	samples/rest_at_grace.mp4	85	1529175	1022	85	87	1	0
P	samples/rest_at_grace.mp4	86	1530197	142	86	85	1	0
P	samples/rest_at_grace.mp4	87	1530339	273	87	86	1	0
P	samples/rest_at_grace.mp4	88	1530612	1076	88	90	1	0
P	samples/rest_at_grace.mp4	89	1531688	88	89	88	1	0
P	samples/rest_at_grace.mp4	90	1531776	352	90	89	1	0
P	samples/rest_at_grace.mp4	91	1532128	1132	91	93	1	0
P	samples/rest_at_grace.mp4	92	1533260	96	92	91	1	0
P	samples/rest_at_grace.mp4	93	1533356	327	93	92	1	0
P	samples/rest_at_grace.mp4	94	1533683	1330	94	96	1	0
P	samples/rest_at_grace.mp4	95	1535013	158	95	94	1	0
P	samples/rest_at_grace.mp4	96	1535171	333	96	95	1	0
P	samples/rest_at_grace.mp4	97	1535504	1346	97	99	1	0
P	samples/rest_at_grace.mp4	98	1536850	204	98	97	1	0
P	samples/rest_at_grace.mp4	99	1537054	432	99	98	1	0
P	samples/rest_at_grace.mp4	100	1537486	1034	100	102	1	0
P	samples/rest_at_grace.mp4	101	1538520	125	101	100	1	0
P	samples/rest_at_grace.mp4	102	1538645	310	102	101	1	0
P	samples/rest_at_grace.mp4	103	1538955	849	103	105	1	0
P	samples/rest_at_grace.mp4	104	1539804	113	104	103	1	0
P	samples/rest_at_grace.mp4	105	1539917	234	105	104	1	0
P	samples/rest_at_grace.mp4	106	1540151	1150	106	108	1	0
P	samples/rest_at_grace.mp4	107	1541301	121	107	106	1	0
P	samples/rest_at_grace.mp4	108	1541422	256	108	107	1	0
P	samples/rest_at_grace.mp4	109	1541678	878	109	111	1	0
P	samples/rest_at_grace.mp4	110	1542556	119	110	109	1	0
P	samples/rest_at_grace.mp4	111	1542675	198	111	110	1	0
P	samples/rest_at_grace.mp4	112	1542873	971	112	114	1	0
P	samples/rest_at_grace.mp4	113	1543844	101	113	112	1	0
P	samples/rest_at_grace.mp4	114	1543945	271	114	113	1	0
P	samples/rest_at_grace.mp4	115	1544216	768	115	117	1	0
P	samples/rest_at_grace.mp4	116	1544984	127	116	115	1	0
P	samples/rest_at_grace.mp4	117	1545111	206	117	116	1	0
P	samples/rest_at_grace.mp4	118	1545317	801	118	120	1	0
P	samples/rest_at_grace.mp4	119	1546118	116	119	118	1	0
P	samples/rest_at_grace.mp4	120	1546234	197	120	119	1	0
P	samples/rest_at_grace.mp4	121	1546431	816	121	123	1	0
P	samples/rest_at_grace.mp4	122	1547247	111	122	121	1	0
P	samples/rest_at_grace.mp4	123	1547358	231	123	122	1	0
P	samples/rest_at_grace.mp4	124	1547589	766	124	126	1	0
P	samples/rest_at_grace.mp4	125	1548355	118	125	124	1	0
P	samples/rest_at_grace.mp4	126	1548473	241	126	125	1	0
P	samples/rest_at_grace.mp4	127	1548714	845	127	129	1	0
P	samples/rest_at_grace.mp4	128	1549559	155	128	127	1	0
P	samples/rest_at_grace.mp4	129	1549714	273	129	128	1	0
P	samples/rest_at_grace.mp4	130	1549987	718	130	132	1	0
P	samples/rest_at_grace.mp4	131	1550705	196	131	130	1	0
P	samples/rest_at_grace.mp4	132	1550901	175	132	131	1	0
P	samples/rest_at_grace.mp4	133	1551076	5115	133	135	1	0
P	samples/rest_at_grace.mp4	134	1556191	313	134	133	1	0
P	samples/rest_at_grace.mp4	135	1556504	297	135	134	1	0
P	samples/rest_at_grace.mp4	136	1556801	9498	136	138	1	0
P	samples/rest_at_grace.mp4	137	1566299	520	137	136	1	0
P	samples/rest_at_grace.mp4	138	1566819	843	138	137	1	0
P	samples/rest_at_grace.mp4	139	1567662	4299	139	141	1	0
P	samples/rest_at_grace.mp4	140	1571961	2237	140	139	1	0
P	samples/rest_at_grace.mp4	141	1574198	2576	141	140	1	0
P	samples/rest_at_grace.mp4	142	1576774	2962	142	144	1	0
P	samples/rest_at_grace.mp4	143	1579736	589	143	142	1	0
P	samples/rest_at_grace.mp4	144	1580325	794	144	143	1	0
P	samples/rest_at_grace.mp4	145	1581119	2285	145	147	1	0
P	samples/rest_at_grace.mp4	146	1583404	413	146	145	1	0
P	samples/rest_at_grace.mp4	147	1583817	546	147	146	1	0
P	samples/rest_at_grace.mp4	148	1584363	3798	148	150	1	0
P	samples/rest_at_grace.mp4	149	1588161	282	149	148	1	0
P	samples/rest_at_grace.mp4	150	1588443	351	150	149	1	0
P	samples/rest_at_grace.mp4	151	1588794	6003	151	153	1	0
P	samples/rest_at_grace.mp4	152	1594797	759	152	151	1	0
P	samples/rest_at_grace.mp4	153	1595556	171	153	152	1	0
P	samples/rest_at_grace.mp4	154	1595727	10010	154	156	1	0
P	samples/rest_at_grace.mp4	155	1605737	3708	155	154	1	0
P	samples/rest_at_grace.mp4	156	1609445	455	156	155	1	0
P	samples/rest_at_grace.mp4	157	1609900	14516	157	159	1	0
P	samples/rest_at_grace.mp4	158	1624416	5338	158	157	1	0
P	samples/rest_at_grace.mp4	159	1629754	988	159	158	1	0
P	samples/rest_at_grace.mp4	160	1630742	22817	160	162	1	0
P	samples/rest_at_grace.mp4	161	1653559	10276	161	160	1	0
P	samples/rest_at_grace.mp4	162	1663835	3757	162	161	1	0
P	samples/rest_at_grace.mp4	163	1667592	35942	163	165	1	0
P	samples/rest_at_grace.mp4	164	1703534	16676	164	163	1	0
P	samples/rest_at_grace.mp4	165	1720210	7976	165	164	1	0
P	samples/rest_at_grace.mp4	166	1728186	59641	166	168	1	0
P	samples/rest_at_grace.mp4	167	1787827	25817	167	166	1	0
P	samples/rest_at_grace.mp4	168	1813644	14320	168	167	1	0
P	samples/rest_at_grace.mp4	169	1827964	97591	169	171	1	0
P	samples/rest_at_grace.mp4	170	1925555	39385	170	169	1	0
P	samples/rest_at_grace.mp4	171	1964940	24057	171	170	1	0
P	samples/rest_at_grace.mp4	172	1988997	145855	172	174	1	0
P	samples/rest_at_grace.mp4	173	2134852	49865	173	172	1	0
P	samples/rest_at_grace.mp4	174	2184717	39511	174	173	1	0
P	samples/rest_at_grace.mp4	175	2224228	67849	175	177	1	0
P	samples/rest_at_grace.mp4	176	2292077	22311	176	175	1	0
P	samples/rest_at_grace.mp4	177	2314388	16940	177	176	1	0
P	samples/rest_at_grace.mp4	178	2331328	66806	178	180	1	0
P	samples/rest_at_grace.mp4	179	2398134	19725	179	178	1	0
P	samples/rest_at_grace.mp4	180	2417859	22021	180	179	1	0
P	samples/rest_at_grace.mp4	181	2439880	69402	181	183	1	0
P	samples/rest_at_grace.mp4	182	2509282	20975	182	181	1	0
P	samples/rest_at_grace.mp4	183	2530257	23632	183	182	1	0
P	samples/rest_at_grace.mp4	184	2553889	66001	184	186	1	0
P	samples/rest_at_grace.mp4	185	2619890	19794	185	184	1	0
P	samples/rest_at_grace.mp4	186	2639684	21212	186	185	1	0
P	samples/rest_at_grace.mp4	187	2660896	66879	187	189	1	0
P	samples/rest_at_grace.mp4	188	2727775	20837	188	187	1	0
P	samples/rest_at_grace.mp4	189	2748612	15551	189	188	1	0
P	samples/rest_at_grace.mp4	190	2764163	65993	190	192	1	0
P	samples/rest_at_grace.mp4	191	2830156	18582	191	190	1	0
P	samples/rest_at_grace.mp4	192	2848738	21209	192	191	1	0
P	samples/rest_at_grace.mp4	193	2869947	65974	193	195	1	0
P	samples/rest_at_grace.mp4	194	2935921	18613	194	193	1	0
P	samples/rest_at_grace.mp4	195	2954534	21188	195	194	1	0
P	samples/rest_at_grace.mp4	196	2975722	67431	196	198	1	0
P	samples/rest_at_grace.mp4	197	3043153	20845	197	196	1	0
P	samples/rest_at_grace.mp4	198	3063998	23196	198	197	1	0
P	samples/rest_at_grace.mp4	199	3087194	68568	199	201	1	0
P	samples/rest_at_grace.mp4	200	3155762	20390	200	199	1	0
P	samples/rest_at_grace.mp4	201	3176152	22543	201	200	1	0
P	samples/rest_at_grace.mp4	202	3198695	80707	202	204	1	0
P	samples/rest_at_grace.mp4	203	3279402	27023	203	202	1	0
P	samples/rest_at_grace.mp4	204	3306425	30548	204	203	1	0
P	samples/rest_at_grace.mp4	205	3336973	53719	205	207	1	0
P	samples/rest_at_grace.mp4	206	3390692	7295	206	205	1	0
P	samples/rest_at_grace.mp4	207	3397987	15040	207	206	1	0
P	samples/rest_at_grace.mp4	208	3413027	68514	208	210	1	0
P	samples/rest_at_grace.mp4	209	3481541	21615	209	208	1	0
P	samples/rest_at_grace.mp4	210	3503156	23692	210	209	1	0
P	samples/rest_at_grace.mp4	211	3526848	65709	211	213	1	0
P	samples/rest_at_grace.mp4	212	3592557	19615	212	211	1	0
P	samples/rest_at_grace.mp4	213	3612172	21512	213	212	1	0
P	samples/rest_at_grace.mp4	214	3633684	79821	214	216	1	0
P	samples/rest_at_grace.mp4	215	3713505	20466	215	214	1	0
P	samples/rest_at_grace.mp4	216	3733971	24329	216	215	1	0
P	samples/rest_at_grace.mp4	217	3758300	66487	217	219	1	0
P	samples/rest_at_grace.mp4	218	3824787	18346	218	217	1	0
P	samples/rest_at_grace.mp4	219	3843133	19709	219	218	1	0
P	samples/rest_at_grace.mp4	220	3862842	70142	220	222	1	0
P	samples/rest_at_grace.mp4	221	3932984	19729	221	220	1	0
P	samples/rest_at_grace.mp4	222	3952713	21165	222	221	1	0
P	samples/rest_at_grace.mp4	223	3973878	71699	223	225	1	0
P	samples/rest_at_grace.mp4	224	4045577	19493	224	223	1	0
P	samples/rest_at_grace.mp4	225	4065070	22173	225	224	1	0
P	samples/rest_at_grace.mp4	226	4087243	68104	226	228	1	0
P	samples/rest_at_grace.mp4	227	4155347	17637	227	226	1	0
P	samples/rest_at_grace.mp4	228	4172984	21033	228	227	1	0
P	samples/rest_at_grace.mp4	229	4194017	70467	229	231	1	0
P	samples/rest_at_grace.mp4	230	4264484	19827	230	229	1	0
P	samples/rest_at_grace.mp4	231	4284311	23177	231	230	1	0
P	samples/rest_at_grace.mp4	232	4307488	71505	232	234	1	0
P	samples/rest_at_grace.mp4	233	4378993	19660	233	232	1	0
P	samples/rest_at_grace.mp4	234	4398653	22896	234	233	1	0
P	samples/rest_at_grace.mp4	235	4421549	74301	235	237	1	0
P	samples/rest_at_grace.mp4	236	4495850	20759	236	235	1	0
P	samples/rest_at_grace.mp4	237	4516609	22287	237	236	1	0
P	samples/rest_at_grace.mp4	238	4538896	74083	238	240	1	0
P	samples/rest_at_grace.mp4	239	4612979	20270	239	238	1	0
P	samples/rest_at_grace.mp4	240	4633249	22519	240	239	1	0
P	samples/rest_at_grace.mp4	241	4655768	69901	241	243	1	0
P	samples/rest_at_grace.mp4	242	4725669	19150	242	241	1	0
P	samples/rest_at_grace.mp4	243	4744819	21411	243	242	1	0
P	samples/rest_at_grace.mp4	244	4766230	69707	244	246	1	0
P	samples/rest_at_grace.mp4	245	4835937	18639	245	244	1	0
P	samples/rest_at_grace.mp4	246	4854576	20366	246	245	1	0
P	samples/rest_at_grace.mp4	247	4874942	69197	247	249	1	0
P	samples/rest_at_grace.mp4	248	4944139	17928	248	247	1	0
P	samples/rest_at_grace.mp4	249	4962067	20907	249	248	1	0
P	samples/rest_at_grace.mp4	250	5087824	219120	250	250	1	1
P	samples/rest_at_grace.mp4	251	5306944	60647	251	253	1	0
P	samples/rest_at_grace.mp4	252	5367591	16556	252	251	1	0
P	samples/rest_at_grace.mp4	253	5384147	19708	253	252	1	0
P	samples/rest_at_grace.mp4	254	5403855	68947	254	256	1	0
P	samples/rest_at_grace.mp4	255	5472802	20996	255	254	1	0
P	samples/rest_at_grace.mp4	256	5493798	23793	256	255	1	0
P	samples/rest_at_grace.mp4	257	5517591	67158	257	259	1	0
P	samples/rest_at_grace.mp4	258	5584749	20110	258	257	1	0
P	samples/rest_at_grace.mp4	259	5604859	22182	259	258	1	0
P	samples/rest_at_grace.mp4	260	5627041	72576	260	262	1	0
P	samples/rest_at_grace.mp4	261	5699617	21418	261	260	1	0
P	samples/rest_at_grace.mp4	262	5721035	24737	262	261	1	0
P	samples/rest_at_grace.mp4	263	5745772	67474	263	265	1	0
P	samples/rest_at_grace.mp4	264	5813246	20737	264	263	1	0
P	samples/rest_at_grace.mp4	265	5833983	23148	265	264	1	0
P	samples/rest_at_grace.mp4	266	5857131	71450	266	268	1	0
P	samples/rest_at_grace.mp4	267	5928581	22549	267	266	1	0
P	samples/rest_at_grace.mp4	268	5951130	24846	268	267	1	0
P	samples/rest_at_grace.mp4	269	5975976	124734	269	271	1	0
P	samples/rest_at_grace.mp4	270	6100710	18988	270	269	1	0
P	samples/rest_at_grace.mp4	271	6119698	22175	271	270	1	0
P	samples/rest_at_grace.mp4	272	6141873	52356	272	274	1	0
P	samples/rest_at_grace.mp4	273	6194229	15459	273	272	1	0
P	samples/rest_at_grace.mp4	274	6209688	15715	274	273	1	0
P	samples/rest_at_grace.mp4	275	6225403	156541	275	277	1	0
P	samples/rest_at_grace.mp4	276	6381944	34685	276	275	1	0
P	samples/rest_at_grace.mp4	277	6416629	36414	277	276	1	0
P	samples/rest_at_grace.mp4	278	6453043	113953	278	280	1	0
P	samples/rest_at_grace.mp4	279	6566996	18751	279	278	1	0
P	samples/rest_at_grace.mp4	280	6585747	15376	280	279	1	0
P	samples/rest_at_grace.mp4	281	6601123	96513	281	283	1	0
P	samples/rest_at_grace.mp4	282	6697636	39184	282	281	1	0
P	samples/rest_at_grace.mp4	283	6736820	35963	283	282	1	0
P	samples/rest_at_grace.mp4	284	6772783	51942	284	286	1	0
P	samples/rest_at_grace.mp4	285	6824725	10019	285	284	1	0
P	samples/rest_at_grace.mp4	286	6834744	6686	286	285	1	0
P	samples/rest_at_grace.mp4	287	6841430	34479	287	289	1	0
P	samples/rest_at_grace.mp4	288	6875909	1354	288	287	1	0
P	samples/rest_at_grace.mp4	289	6877263	1196	289	288	1	0
P	samples/rest_at_grace.mp4	290	6878459	5719	290	292	1	0
P	samples/rest_at_grace.mp4	291	6884178	384	291	290	1	0
P	samples/rest_at_grace.mp4	292	6884562	649	292	291	1	0
P	samples/rest_at_grace.mp4	293	6885211	3910	293	295	1	0
P	samples/rest_at_grace.mp4	294	6889121	245	294	293	1	0
P	samples/rest_at_grace.mp4	295	6889366	482	295	294	1	0
P	samples/rest_at_grace.mp4	296	6889848	3544	296	298	1	0
P	samples/rest_at_grace.mp4	297	6893392	165	297	296	1	0
P	samples/rest_at_grace.mp4	298	6893557	852	298	297	1	0
P	samples/rest_at_grace.mp4	299	6894409	3649	299	301	1	0
P	samples/rest_at_grace.mp4	300	6898058	165	300	299	1	0
P	samples/rest_at_grace.mp4	301	6898223	365	301	300	1	0
P	samples/rest_at_grace.mp4	302	6898588	3665	302	304	1	0
P	samples/rest_at_grace.mp4	303	6902253	284	303	302	1	0
P	samples/rest_at_grace.mp4	304	6902537	461	304	303	1	0
P	samples/rest_at_grace.mp4	305	6902998	3682	305	307	1	0
P	samples/rest_at_grace.mp4	306	6906680	427	306	305	1	0
P	samples/rest_at_grace.mp4	307	6907107	627	307	306	1	0
P	samples/rest_at_grace.mp4	308	6907734	5967	308	310	1	0
P	samples/rest_at_grace.mp4	309	6913701	428	309	308	1	0
P	samples/rest_at_grace.mp4	310	6914129	788	310	309	1	0
P	samples/rest_at_grace.mp4	311	6914917	5495	311	313	1	0
P	samples/rest_at_grace.mp4	312	6920412	475	312	311	1	0
P	samples/rest_at_grace.mp4	313	6920887	721	313	312	1	0
P	samples/rest_at_grace.mp4	314	6921608	2878	314	316	1	0
P	samples/rest_at_grace.mp4	315	6924486	128	315	314	1	0
P	samples/rest_at_grace.mp4	316	6924614	221	316	315	1	0
P	samples/rest_at_grace.mp4	317	6924835	2471	317	319	1	0
P	samples/rest_at_grace.mp4	318	6927306	160	318	317	1	0
P	samples/rest_at_grace.mp4	319	6927466	253	319	318	1	0
P	samples/rest_at_grace.mp4	320	6927719	3834	320	322	1	0
P	samples/rest_at_grace.mp4	321	6931553	339	321	320	1	0
P	samples/rest_at_grace.mp4	322	6931892	613	322	321	1	0
P	samples/rest_at_grace.mp4	323	6932505	2074	323	325	1	0
P	samples/rest_at_grace.mp4	324	6934579	143	324	323	1	0
P	samples/rest_at_grace.mp4	325	6934722	257	325	324	1	0
P	samples/rest_at_grace.mp4	326	6934979	2025	326	328	1	0
P	samples/rest_at_grace.mp4	327	6937004	194	327	326	1	0
P	samples/rest_at_grace.mp4	328	6937198	292	328	327	1	0
P	samples/rest_at_grace.mp4	329	6937490	2227	329	331	1	0
P	samples/rest_at_grace.mp4	330	6939717	268	330	329	1	0
P	samples/rest_at_grace.mp4	331	6939985	146	331	330	1	0
P	samples/rest_at_grace.mp4	332	6940131	2064	332	334	1	0
P	samples/rest_at_grace.mp4	333	6942195	158	333	332	1	0
P	samples/rest_at_grace.mp4	334	6942353	271	334	333	1	0
P	samples/rest_at_grace.mp4	335	6942624	2042	335	337	1	0
P	samples/rest_at_grace.mp4	336	6944666	227	336	335	1	0
P	samples/rest_at_grace.mp4	337	6944893	303	337	336	1	0
P	samples/rest_at_grace.mp4	338	6945196	1470	338	340	1	0
P	samples/rest_at_grace.mp4	339	6946666	117	339	338	1	0
P	samples/rest_at_grace.mp4	340	6946783	266	340	339	1	0
P	samples/rest_at_grace.mp4	341	6947049	1200	341	343	1	0
P	samples/rest_at_grace.mp4	342	6948249	94	342	341	1	0
P	samples/rest_at_grace.mp4	343	6948343	165	343	342	1	0
P	samples/rest_at_grace.mp4	344	6948508	1384	344	346	1	0
P	samples/rest_at_grace.mp4	345	6949892	219	345	344	1	0
P	samples/rest_at_grace.mp4	346	6950111	136	346	345	1	0
P	samples/rest_at_grace.mp4	347	6950247	30555	347	349	1	0
P	samples/rest_at_grace.mp4	348	6980802	1035	348	347	1	0
P	samples/rest_at_grace.mp4	349	6981837	5471	349	348	1	0
P	samples/rest_at_grace.mp4	350	6987308	58970	350	352	1	0
P	samples/rest_at_grace.mp4	351	7046278	7363	351	350	1	0
P	samples/rest_at_grace.mp4	352	7053641	6603	352	351	1	0
P	samples/rest_at_grace.mp4	353	7060244	114161	353	355	1	0
P	samples/rest_at_grace.mp4	354	7174405	25537	354	353	1	0
P	samples/rest_at_grace.mp4	355	7199942	25497	355	354	1	0
P	samples/rest_at_grace.mp4	356	7225439	132702	356	358	1	0
P	samples/rest_at_grace.mp4	357	7358141	22816	357	356	1	0
P	samples/rest_at_grace.mp4	358	7380957	27523	358	357	1	0
P	samples/rest_at_grace.mp4	359	7408480	192303	359	361	1	0
P	samples/rest_at_grace.mp4	360	7600783	44725	360	359	1	0
P	samples/rest_at_grace.mp4	361	7645508	43095	361	360	1	0
P	samples/rest_at_grace.mp4	362	7688603	72480	362	364	1	0
P	samples/rest_at_grace.mp4	363	7761083	23490	363	362	1	0
P	samples/rest_at_grace.mp4	364	7784573	23160	364	363	1	0
P	samples/rest_at_grace.mp4	365	7807733	94922	365	367	1	0
P	samples/rest_at_grace.mp4	366	7902655	26102	366	365	1	0
P	samples/rest_at_grace.mp4	367	7928757	27693	367	366	1	0
P	samples/rest_at_grace.mp4	368	7956450	107584	368	370	1	0
P	samples/rest_at_grace.mp4	369	8064034	29864	369	368	1	0
P	samples/rest_at_grace.mp4	370	8093898	32893	370	369	1	0
P	samples/rest_at_grace.mp4	371	8126791	97879	371	373	1	0
P	samples/rest_at_grace.mp4	372	8224670	25728	372	371	1	0
P	samples/rest_at_grace.mp4	373	8250398	28961	373	372	1	0
P	samples/rest_at_grace.mp4	374	8279359	93641	374	376	1	0
P	samples/rest_at_grace.mp4	375	8373000	28625	375	374	1	0
P	samples/rest_at_grace.mp4	376	8401625	31191	376	375	1	0
P	samples/rest_at_grace.mp4	377	8432816	92039	377	379	1	0
P	samples/rest_at_grace.mp4	378	8524855	26216	378	377	1	0
P	samples/rest_at_grace.mp4	379	8551071	25063	379	378	1	0
P	samples/rest_at_grace.mp4	380	8576134	71798	380	382	1	0
P	samples/rest_at_grace.mp4	381	8647932	22646	381	380	1	0
P	samples/rest_at_grace.mp4	382	8670578	24389	382	381	1	0
P	samples/rest_at_grace.mp4	383	8694967	71226	383	385	1	0
P	samples/rest_at_grace.mp4	384	8766193	22448	384	383	1	0
P	samples/rest_at_grace.mp4	385	8788641	24934	385	384	1	0
P	samples/rest_at_grace.mp4	386	8813575	66839	386	388	1	0
P	samples/rest_at_grace.mp4	387	8880414	20360	387	386	1	0
P	samples/rest_at_grace.mp4	388	8900774	22418	388	387	1	0
P	samples/rest_at_grace.mp4	389	8923192	80454	389	391	1	0
P	samples/rest_at_grace.mp4	390	9003646	22564	390	389	1	0
P	samples/rest_at_grace.mp4	391	9026210	25031	391	390	1	0
P	samples/rest_at_grace.mp4	392	9051241	95336	392	394	1	0
P	samples/rest_at_grace.mp4	393	9146577	23760	393	392	1	0
P	samples/rest_at_grace.mp4	394	9170337	26402	394	393	1	0
P	samples/rest_at_grace.mp4	395	9196739	88299	395	397	1	0
P	samples/rest_at_grace.mp4	396	9285038	19303	396	395	1	0
P	samples/rest_at_grace.mp4	397	9304341	22610	397	396	1	0
P	samples/rest_at_grace.mp4	398	9326951	95393	398	400	1	0
P	samples/rest_at_grace.mp4	399	9422344	24052	399	398	1	0
P	samples/rest_at_grace.mp4	400	9446396	26342	400	399	1	0
P	samples/rest_at_grace.mp4	401	9472738	86339	401	403	1	0
P	samples/rest_at_grace.mp4	402	9559077	22360	402	401	1	0
P	samples/rest_at_grace.mp4	403	9581437	21703	403	402	1	0
P	samples/rest_at_grace.mp4	404	9603140	106944	404	406	1	0
P	samples/rest_at_grace.mp4	405	9710084	26963	405	404	1	0
P	samples/rest_at_grace.mp4	406	9737047	48959	406	405	1	0
P	samples/rest_at_grace.mp4	407	9786006	84658	407	409	1	0
P	samples/rest_at_grace.mp4	408	9870664	39216	408	407	1	0
P	samples/rest_at_grace.mp4	409	9909880	39624	409	408	1	0
P	samples/rest_at_grace.mp4	410	9949504	100245	410	412	1	0
P	samples/rest_at_grace.mp4	411	10049749	45059	411	410	1	0
P	samples/rest_at_grace.mp4	412	10094808	48874	412	411	1	0
P	samples/rest_at_grace.mp4	413	10143682	96556	413	415	1	0
P	samples/rest_at_grace.mp4	414	10240238	41538	414	413	1	0
P	samples/rest_at_grace.mp4	415	10281776	44290	415	414	1	0
P	samples/rest_at_grace.mp4	416	10326066	91739	416	418	1	0
P	samples/rest_at_grace.mp4	417	10417805	40505	417	416	1	0
P	samples/rest_at_grace.mp4	418	10458310	42573	418	417	1	0
P	samples/rest_at_grace.mp4	419	10500883	87268	419	421	1	0
P	samples/rest_at_grace.mp4	420	10588151	34021	420	419	1	0
P	samples/rest_at_grace.mp4	421	10622172	40883	421	420	1	0
P	samples/rest_at_grace.mp4	422	10663055	81240	422	424	1	0
P	samples/rest_at_grace.mp4	423	10744295	38448	423	422	1	0
P	samples/rest_at_grace.mp4	424	10782743	27621	424	423	1	0
P	samples/rest_at_grace.mp4	425	10810364	80287	425	427	1	0
P	samples/rest_at_grace.mp4	426	10890651	27986	426	425	1	0
P	samples/rest_at_grace.mp4	427	10918637	36326	427	426	1	0
P	samples/rest_at_grace.mp4	428	10954963	76846	428	430	1	0
P	samples/rest_at_grace.mp4	429	11031809	35248	429	428	1	0
P	samples/rest_at_grace.mp4	430	11067057	24870	430	429	1	0
P	samples/rest_at_grace.mp4	431	11091927	78746	431	433	1	0
P	samples/rest_at_grace.mp4	432	11170673	29984	432	431	1	0
P	samples/rest_at_grace.mp4	433	11200657	37461	433	432	1	0
P	samples/rest_at_grace.mp4	434	11238118	76877	434	436	1	0
P	samples/rest_at_grace.mp4	435	11314995	36976	435	434	1	0
P	samples/rest_at_grace.mp4	436	11351971	27100	436	435	1	0
P	samples/rest_at_grace.mp4	437	11379071	79819	437	439	1	0
P	samples/rest_at_grace.mp4	438	11458890	30175	438	437	1	0
P	samples/rest_at_grace.mp4	439	11489065	38591	439	438	1	0
P	samples/rest_at_grace.mp4	440	11527656	79916	440	442	1	0
P	samples/rest_at_grace.mp4	441	11607572	37954	441	440	1	0
P	samples/rest_at_grace.mp4	442	11645526	33085	442	441	1	0
P	samples/rest_at_grace.mp4	443	11678611	71914	443	445	1	0
P	samples/rest_at_grace.mp4	444	11750525	34625	444	443	1	0
P	samples/rest_at_grace.mp4	445	11785150	25994	445	444	1	0
P	samples/rest_at_grace.mp4	446	11811144	66196	446	448	1	0
P	samples/rest_at_grace.mp4	447	11877340	20247	447	446	1	0
P	samples/rest_at_grace.mp4	448	11897587	8052	448	447	1	0
P	samples/rest_at_grace.mp4	449	11905639	80526	449	451	1	0
P	samples/rest_at_grace.mp4	450	11986165	27126	450	449	1	0
P	samples/rest_at_grace.mp4	451	12013291	37937	451	450	1	0
P	samples/rest_at_grace.mp4	452	12051228	85735	452	454	1	0
P	samples/rest_at_grace.mp4	453	12136963	39254	453	452	1	0
P	samples/rest_at_grace.mp4	454	12176217	29992	454	453	1	0
P	samples/rest_at_grace.mp4	455	12206209	80942	455	457	1	0
P	samples/rest_at_grace.mp4	456	12287151	25826	456	455	1	0
P	samples/rest_at_grace.mp4	457	12312977	34614	457	456	1	0
P	samples/rest_at_grace.mp4	458	12347591	79591	458	460	1	0
P	samples/rest_at_grace.mp4	459	12427182	34848	459	458	1	0
P	samples/rest_at_grace.mp4	460	12462030	38542	460	459	1	0
P	samples/rest_at_grace.mp4	461	12500572	72149	461	463	1	0
P	samples/rest_at_grace.mp4	462	12572721	28780	462	461	1	0
P	samples/rest_at_grace.mp4	463	12601501	18927	463	462	1	0
P	samples/rest_at_grace.mp4	464	12620428	69236	464	466	1	0
P	samples/rest_at_grace.mp4	465	12689664	23443	465	464	1	0
P	samples/rest_at_grace.mp4	466	12713107	28254	466	465	1	0
P	samples/rest_at_grace.mp4	467	12741361	62468	467	469	1	0
P	samples/rest_at_grace.mp4	468	12803829	19901	468	467	1	0
P	samples/rest_at_grace.mp4	469	12823730	26903	469	468	1	0
P	samples/rest_at_grace.mp4	470	12850633	57878	470	472	1	0
P	samples/rest_at_grace.mp4	471	12908511	24569	471	470	1	0
P	samples/rest_at_grace.mp4	472	12933080	17272	472	471	1	0
P	samples/rest_at_grace.mp4	473	12950352	58380	473	475	1	0
P	samples/rest_at_grace.mp4	474	13008732	16236	474	473	1	0
P	samples/rest_at_grace.mp4	475	13024968	16675	475	474	1	0
P	samples/rest_at_grace.mp4	476	13041643	56328	476	478	1	0
P	samples/rest_at_grace.mp4	477	13097971	17108	477	476	1	0
P	samples/rest_at_grace.mp4	478	13115079	24188	478	477	1	0
P	samples/rest_at_grace.mp4	479	13139267	54493	479	481	1	0
P	samples/rest_at_grace.mp4	480	13193760	20993	480	479	1	0
P	samples/rest_at_grace.mp4	481	13214753	15180	481	480	1	0
P	samples/rest_at_grace.mp4	482	13229933	55485	482	484	1	0
P	samples/rest_at_grace.mp4	483	13285418	16700	483	482	1	0
P	samples/rest_at_grace.mp4	484	13302118	23804	484	483	1	0
P	samples/rest_at_grace.mp4	485	13325922	50483	485	487	1	0
P	samples/rest_at_grace.mp4	486	13376405	19324	486	485	1	0
P	samples/rest_at_grace.mp4	487	13395729	14150	487	486	1	0
P	samples/rest_at_grace.mp4	488	13409879	58870	488	490	1	0
P	samples/rest_at_grace.mp4	489	13468749	16767	489	488	1	0
P	samples/rest_at_grace.mp4	490	13485516	22823	490	489	1	0
P	samples/rest_at_grace.mp4	491	13508339	51337	491	493	1	0
P	samples/rest_at_grace.mp4	492	13559676	20198	492	491	1	0
P	samples/rest_at_grace.mp4	493	13579874	14521	493	492	1	0
P	samples/rest_at_grace.mp4	494	13594395	55808	494	496	1	0
P	samples/rest_at_grace.mp4	495	13650203	15567	495	494	1	0
P	samples/rest_at_grace.mp4	496	13665770	24289	496	495	1	0
P	samples/rest_at_grace.mp4	497	13690059	50046	497	499	1	0
P	samples/rest_at_grace.mp4	498	13740105	19996	498	497	1	0
P	samples/rest_at_grace.mp4	499	13760101	15079	499	498	1	0
P	samples/rest_at_grace.mp4	500	13876932	168362	500	500	1	1
P	samples/rest_at_grace.mp4	501	14045294	46786	501	503	1	0
P	samples/rest_at_grace.mp4	502	14092080	19138	502	501	1	0
P	samples/rest_at_grace.mp4	503	14111218	13403	503	502	1	0
P	samples/rest_at_grace.mp4	504	14124621	52150	504	506	1	0
P	samples/rest_at_grace.mp4	505	14176771	16707	505	504	1	0
P	samples/rest_at_grace.mp4	506	14193478	22780	506	505	1	0
P	samples/rest_at_grace.mp4	507	14216258	48897	507	509	1	0
S	samples/samp3.mp4	73	0000002a27640034ac2d9003c0043ec050808080a000007d20003a981d08000393860000f42417bdf076870c64800000000428ee3cb0
P	samples/samp3.mp4	0	3972	27270	0	2002	1001	1
P	samples/samp3.mp4	1	31242	3029	1001	6006	1001	0
P	samples/samp3.mp4	2	34775	843	2002	4004	1001	0
P	samples/samp3.mp4	3	36105	463	3003	3003	1001	0
P	samples/samp3.mp4	4	37091	480	4004	5005	1001	0
P	samples/samp3.mp4	5	38061	2628	5005	10010	1001	0
P	samples/samp3.mp4	6	40689	792	6006	8008	1001	0
P	samples/samp3.mp4	7	41997	557	7007	7007	1001	0
P	samples/samp3.mp4	8	43020	420	8008	9009	1001	0
P	samples/samp3.mp4	9	43987	2592	9009	14014	1001	0
P	samples/samp3.mp4	10	46579	843	10010	12012	1001	0
P	samples/samp3.mp4	11	47930	451	11011	11011	1001	0
P	samples/samp3.mp4	12	48891	442	12012	13013	1001	0
P	samples/samp3.mp4	13	49814	2515	13013	18018	1001	0
P	samples/samp3.mp4	14	52831	740	14014	16016	1001	0
P	samples/samp3.mp4	15	53571	417	15015	15015	1001	0
P	samples/samp3.mp4	16	54475	478	16016	17017	1001	0
P	samples/samp3.mp4	17	55501	3074	17017	22022	1001	0
P	samples/samp3.mp4	18	59068	765	18018	20020	1001	0
P	samples/samp3.mp4	19	59833	444	19019	19019	1001	0
P	samples/samp3.mp4	20	60814	447	20020	21021	1001	0
P	samples/samp3.mp4	21	61760	2869	21021	26026	1001	0
P	samples/samp3.mp4	22	65100	815	22022	24024	1001	0
P	samples/samp3.mp4	23	66401	487	23023	23023	1001	0
P	samples/samp3.mp4	24	66888	451	24024	25025	1001	0
P	samples/samp3.mp4	25	67861	2830	25025	30030	1001	0
P	samples/samp3.mp4	26	71200	762	26026	28028	1001	0
P	samples/samp3.mp4	27	72492	447	27027	27027	1001	0
P	samples/samp3.mp4	28	72939	449	28028	29029	1001	0
P	samples/samp3.mp4	29	73867	34419	29029	31031	1001	1
P	samples/samp3.mp4	30	108797	1348	30030	35035	1001	0
P	samples/samp3.mp4	31	110613	427	31031	33033	1001	0
P	samples/samp3.mp4	32	111575	340	32032	32032	1001	0
P	samples/samp3.mp4	33	111915	320	33033	34034	1001	0
P	samples/samp3.mp4	34	112731	1288	34034	39039	1001	0
P	samples/samp3.mp4	35	114510	409	35035	37037	1001	0
P	samples/samp3.mp4	36	115421	329	36036	36036	1001	0
P	samples/samp3.mp4	37	116286	309	37037	38038	1001	0
P	samples/samp3.mp4	38	116595	1470	38038	43043	1001	0
P	samples/samp3.mp4	39	118554	458	39039	41041	1001	0
P	samples/samp3.mp4	40	119533	322	40040	40040	1001	0
P	samples/samp3.mp4	41	120316	317	41041	42042	1001	0
P	samples/samp3.mp4	42	120633	1372	42042	47047	1001	0
P	samples/samp3.mp4	43	122579	409	43043	45045	1001	0
P	samples/samp3.mp4	44	123464	319	44044	44044	1001	0
P	samples/samp3.mp4	45	124321	319	45045	46046	1001	0
P	samples/samp3.mp4	46	125123	1465	46046	51051	1001	0
P	samples/samp3.mp4	47	126588	406	47047	49049	1001	0
P	samples/samp3.mp4	48	127508	330	48048	48048	1001	0
P	samples/samp3.mp4	49	128336	327	49049	50050	1001	0
P	samples/samp3.mp4	50	129180	1814	50050	55055	1001	0
P	samples/samp3.mp4	51	130994	439	51051	53053	1001	0
P	samples/samp3.mp4	52	131907	333	52052	52052	1001	0
P	samples/samp3.mp4	53	132733	366	53053	54054	1001	0
P	samples/samp3.mp4	54	133653	2678	54054	59059	1001	0
P	samples/samp3.mp4	55	136851	572	55055	57057	1001	0
P	samples/samp3.mp4	56	137423	406	56056	56056	1001	0
P	samples/samp3.mp4	57	138335	433	57057	58058	1001	0
P	samples/samp3.mp4	58	139213	37095	58058	60060	1001	1
P	samples/samp3.mp4	59	176876	3028	59059	64064	1001	0
P	samples/samp3.mp4	60	180392	539	60060	62062	1001	0
P	samples/samp3.mp4	61	180931	386	61061	61061	1001	0
P	samples/samp3.mp4	62	181817	443	62062	63063	1001	0
P	samples/samp3.mp4	63	182758	5275	63063	68068	1001	0
P	samples/samp3.mp4	64	188512	1114	64064	66066	1001	0
P	samples/samp3.mp4	65	189626	537	65065	65065	1001	0
P	samples/samp3.mp4	66	190663	644	66066	67067	1001	0
P	samples/samp3.mp4	67	191820	5813	67067	72072	1001	0
P	samples/samp3.mp4	68	198151	1235	68068	70070	1001	0
P	samples/samp3.mp4	69	199878	579	69069	69069	1001	0
P	samples/samp3.mp4	70	200457	634	70070	71071	1001	0
P	samples/samp3.mp4	71	201614	7332	71071	76076	1001	0
P	samples/samp3.mp4	72	209474	1955	72072	74074	1001	0
S	samples/story1.mp4	170	0000002a27640034ac2d9003c0043ec050808080a000007d20003a981d08000393860000f42417bdf076870c64800000000428ee3cb0
P	samples/story1.mp4	0	6028	279181	0	2002	1001	1
P	samples/story1.mp4	1	285209	282	1001	6006	1001	0
P	samples/story1.mp4	2	285491	257	2002	4004	1001	0
P	samples/story1.mp4	3	286219	257	3003	3003	1001	0
P	samples/story1.mp4	4	287009	252	4004	5005	1001	0
P	samples/story1.mp4	5	287772	375	5005	10010	1001	0
P	samples/story1.mp4	6	288667	264	6006	8008	1001	0
P	samples/story1.mp4	7	288931	255	7007	7007	1001	0
P	samples/story1.mp4	8	289644	256	8008	9009	1001	0
P	samples/story1.mp4	9	290433	1548	9009	14014	1001	0
P	samples/story1.mp4	10	292471	308	10010	12012	1001	0
P	samples/story1.mp4	11	293320	261	11011	11011	1001	0
P	samples/story1.mp4	12	293581	265	12012	13013	1001	0
P	samples/story1.mp4	13	294325	3932	13013	18018	1001	0
P	samples/story1.mp4	14	298734	720	14014	16016	1001	0
P	samples/story1.mp4	15	299996	281	15015	15015	1001	0
P	samples/story1.mp4	16	300277	284	16016	17017	1001	0
P	samples/story1.mp4	17	301063	10622	17017	22022	1001	0
P	samples/story1.mp4	18	312201	1683	18018	20020	1001	0
P	samples/story1.mp4	19	314383	296	19019	19019	1001	0
P	samples/story1.mp4	20	315172	1096	20020	21021	1001	0
P	samples/story1.mp4	21	316268	16436	21021	26026	1001	0
P	samples/story1.mp4	22	333221	2599	22022	24024	1001	0
P	samples/story1.mp4	23	336347	1680	23023	23023	1001	0
P	samples/story1.mp4	24	338502	1481	24024	25025	1001	0
P	samples/story1.mp4	25	339983	5792	25025	30030	1001	0
P	samples/story1.mp4	26	346309	2020	26026	28028	1001	0
P	samples/story1.mp4	27	348830	1355	27027	27027	1001	0
P	samples/story1.mp4	28	350699	1351	28028	29029	1001	0
P	samples/story1.mp4	29	352551	528077	29029	31031	1001	1
P	samples/story1.mp4	30	880628	776	30030	35035	1001	0
P	samples/story1.mp4	31	881901	286	31031	33033	1001	0
P	samples/story1.mp4	32	882673	253	32032	32032	1001	0
P	samples/story1.mp4	33	883457	270	33033	34034	1001	0
P	samples/story1.mp4	34	884171	651	34034	39039	1001	0
P	samples/story1.mp4	35	884822	281	35035	37037	1001	0
P	samples/story1.mp4	36	885657	262	36036	36036	1001	0
P	samples/story1.mp4	37	886407	273	37037	38038	1001	0
P	samples/story1.mp4	38	887204	639	38038	43043	1001	0
P	samples/story1.mp4	39	887843	283	39039	41041	1001	0
P	samples/story1.mp4	40	888650	261	40040	40040	1001	0
P	samples/story1.mp4	41	889392	259	41041	42042	1001	0
P	samples/story1.mp4	42	890149	485	42042	47047	1001	0
P	samples/story1.mp4	43	891112	273	43043	45045	1001	0
P	samples/story1.mp4	44	891385	255	44044	44044	1001	0
P	samples/story1.mp4	45	892191	267	45045	46046	1001	0
P	samples/story1.mp4	46	892939	19982	46046	51051	1001	0
P	samples/story1.mp4	47	913415	1870	47047	49049	1001	0
P	samples/story1.mp4	48	915285	259	48048	48048	1001	0
P	samples/story1.mp4	49	916106	2123	49049	50050	1001	0
P	samples/story1.mp4	50	918712	230283	50050	55055	1001	0
P	samples/story1.mp4	51	1149469	29144	51051	53053	1001	0
P	samples/story1.mp4	52	1178794	8115	52052	52052	1001	0
P	samples/story1.mp4	53	1186909	6402	53053	54054	1001	0
P	samples/story1.mp4	54	1193321	128024	54054	59059	1001	0
P	samples/story1.mp4	55	1321724	28028	55055	57057	1001	0
P	samples/story1.mp4	56	1350257	10277	56056	56056	1001	0
P	samples/story1.mp4	57	1361040	13566	57057	58058	1001	0
P	samples/story1.mp4	58	1374606	928246	58058	60060	1001	1
P	samples/story1.mp4	59	2303358	347954	59059	64064	1001	0
P	samples/story1.mp4	60	2652519	104585	60060	62062	1001	0
P	samples/story1.mp4	61	2757881	30533	61061	61061	1001	0
P	samples/story1.mp4	62	2788414	35050	62062	63063	1001	0
P	samples/story1.mp4	63	2823963	301226	63063	68068	1001	0
P	samples/story1.mp4	64	3125670	75026	64064	66066	1001	0
P	samples/story1.mp4	65	3201248	49847	65065	65065	1001	0
P	samples/story1.mp4	66	3251576	34187	66066	67067	1001	0
P	samples/story1.mp4	67	3285763	124343	67067	72072	1001	0
P	samples/story1.mp4	68	3410626	36357	68068	70070	1001	0
P	samples/story1.mp4	69	3447462	23292	69069	69069	1001	0
P	samples/story1.mp4	70	3471267	18340	70070	71071	1001	0
P	samples/story1.mp4	71	3489607	80287	71071	76076	1001	0
P	samples/story1.mp4	72	3570398	25992	72072	74074	1001	0
P	samples/story1.mp4	73	3596895	16400	73073	73073	1001	0
P	samples/story1.mp4	74	3613791	14398	74074	75075	1001	0
P	samples/story1.mp4	75	3628680	63939	75075	80080	1001	0
P	samples/story1.mp4	76	3692619	21454	76076	78078	1001	0
P	samples/story1.mp4	77	3714547	13537	77077	77077	1001	0
P	samples/story1.mp4	78	3728624	12924	78078	79079	1001	0
P	samples/story1.mp4	79	3742070	58588	79079	84084	1001	0
P	samples/story1.mp4	80	3800658	20211	80080	82082	1001	0
P	samples/story1.mp4	81	3821392	12753	81081	81081	1001	0
P	samples/story1.mp4	82	3834653	12272	82082	83083	1001	0
P	samples/story1.mp4	83	3847434	54085	83083	88088	1001	0
P	samples/story1.mp4	84	3901978	19377	84084	86086	1001	0
P	samples/story1.mp4	85	3921355	12176	85085	85085	1001	0
P	samples/story1.mp4	86	3934101	12011	86086	87087	1001	0
P	samples/story1.mp4	87	3946585	1388123	87087	89089	1001	1
P	samples/story1.mp4	88	5335196	7621	88088	93093	1001	0
P	samples/story1.mp4	89	5343301	2490	89089	91091	1001	0
P	samples/story1.mp4	90	5345791	1433	90090	90090	1001	0
P	samples/story1.mp4	91	5347782	1668	91091	92092	1001	0
P	samples/story1.mp4	92	5349952	7768	92092	97097	1001	0
P	samples/story1.mp4	93	5358253	2654	93093	95095	1001	0
P	samples/story1.mp4	94	5360907	1625	94094	94094	1001	0
P	samples/story1.mp4	95	5363000	1791	95095	96096	1001	0
P	samples/story1.mp4	96	5365288	8217	96096	101101	1001	0
P	samples/story1.mp4	97	5373996	2821	97097	99099	1001	0
P	samples/story1.mp4	98	5377375	1882	98098	98098	1001	0
P	samples/story1.mp4	99	5379257	1681	99099	100100	1001	0
P	samples/story1.mp4	100	5381431	8472	100100	105105	1001	0
P	samples/story1.mp4	101	5390407	2873	101101	103103	1001	0
P	samples/story1.mp4	102	5393785	1948	102102	102102	1001	0
P	samples/story1.mp4	103	5395733	1786	103103	104104	1001	0
P	samples/story1.mp4	104	5398006	8599	104104	109109	1001	0
P	samples/story1.mp4	105	5407100	2885	105105	107107	1001	0
P	samples/story1.mp4	106	5410499	1858	106106	106106	1001	0
P	samples/story1.mp4	107	5412823	2031	107107	108108	1001	0
P	samples/story1.mp4	108	5414854	8448	108108	113113	1001	0
P	samples/story1.mp4	109	5423832	3044	109109	111111	1001	0
P	samples/story1.mp4	110	5427349	2010	110110	110110	1001	0
P	samples/story1.mp4	111	5429920	2017	111111	112112	1001	0
P	samples/story1.mp4	112	5432416	8780	112112	117117	1001	0
P	samples/story1.mp4	113	5441196	3199	113113	115115	1001	0
P	samples/story1.mp4	114	5444929	2085	114114	114114	1001	0
P	samples/story1.mp4	115	5447539	2120	115115	116116	1001	0
P	samples/story1.mp4	116	5450167	1399799	116116	118118	1001	1
P	samples/story1.mp4	117	6849966	253	117117	122122	1001	0
P	samples/story1.mp4	118	6850658	250	118118	120120	1001	0
P	samples/story1.mp4	119	6851462	251	119119	119119	1001	0
P	samples/story1.mp4	120	6852213	252	120120	121121	1001	0
P	samples/story1.mp4	121	6852940	256	121121	126126	1001	0
P	samples/story1.mp4	122	6853196	252	122122	124124	1001	0
P	samples/story1.mp4	123	6853941	251	123123	123123	1001	0
P	samples/story1.mp4	124	6854706	252	124124	125125	1001	0
P	samples/story1.mp4	125	6855461	254	125125	130130	1001	0
P	samples/story1.mp4	126	6855715	252	126126	128128	1001	0
P	samples/story1.mp4	127	6856476	251	127127	127127	1001	0
P	samples/story1.mp4	128	6857205	252	128128	129129	1001	0
P	samples/story1.mp4	129	6857981	256	129129	134134	1001	0
P	samples/story1.mp4	130	6858743	252	130130	132132	1001	0
P	samples/story1.mp4	131	6858995	251	131131	131131	1001	0
P	samples/story1.mp4	132	6859775	252	132132	133133	1001	0
P	samples/story1.mp4	133	6860537	255	133133	138138	1001	0
P	samples/story1.mp4	134	6861253	252	134134	136136	1001	0
P	samples/story1.mp4	135	6862039	251	135135	135135	1001	0
P	samples/story1.mp4	136	6862290	252	136136	137137	1001	0
P	samples/story1.mp4	137	6863076	255	137137	142142	1001	0
P	samples/story1.mp4	138	6863835	252	138138	140140	1001	0
P	samples/story1.mp4	139	6864555	251	139139	139139	1001	0
P	samples/story1.mp4	140	6864806	252	140140	141141	1001	0
P	samples/story1.mp4	141	6865584	608	141141	146146	1001	0
P	samples/story1.mp4	142	6866707	252	142142	144144	1001	0
P	samples/story1.mp4	143	6867462	251	143143	143143	1001	0
P	samples/story1.mp4	144	6868201	252	144144	145145	1001	0
P	samples/story1.mp4	145	6868453	125704	145145	147147	1001	1
P	samples/story1.mp4	146	6994651	136622	146146	151151	1001	0
P	samples/story1.mp4	147	7131445	1415	147147	149149	1001	0
P	samples/story1.mp4	148	7132870	888	148148	148148	1001	0
P	samples/story1.mp4	149	7133758	252	149149	150150	1001	0
P	samples/story1.mp4	150	7134403	92815	150150	155155	1001	0
P	samples/story1.mp4	151	7227723	1764	151151	153153	1001	0
P	samples/story1.mp4	152	7229992	531	152152	152152	1001	0
P	samples/story1.mp4	153	7231230	251	153153	154154	1001	0
P	samples/story1.mp4	154	7231481	197405	154154	159159	1001	0
P	samples/story1.mp4	155	7430038	1093	155155	157157	1001	0
P	samples/story1.mp4	156	7431740	1226	156156	156156	1001	0
P	samples/story1.mp4	157	7433498	268	157157	158158	1001	0
P	samples/story1.mp4	158	7433766	248864	158158	163163	1001	0
P	samples/story1.mp4	159	7683114	1827	159159	161161	1001	0
P	samples/story1.mp4	160	7685457	1279	160160	160160	1001	0
P	samples/story1.mp4	161	7687233	298	161161	162162	1001	0
P	samples/story1.mp4	162	7688045	263461	162162	167167	1001	0
P	samples/story1.mp4	163	7951506	2927	163163	165165	1001	0
P	samples/story1.mp4	164	7954940	1414	164164	164164	1001	0
P	samples/story1.mp4	165	7956869	655	165165	166166	1001	0
P	samples/story1.mp4	166	7958021	120930	166166	171171	1001	0
P	samples/story1.mp4	167	8079429	570	167167	169169	1001	0
P	samples/story1.mp4	168	8079999	401	168168	168168	1001	0
P	samples/story1.mp4	169	8080909	387	169169	170170	1001	0
